"","BEZNAME","BEZNR","time","Temperature_raw","Temperature_pop"
"1","District de Monthey",2308,"2026-07-22",15.6915683746338,17.1705513000488
"2","District de Monthey",2308,"2026-07-23",16.4840145111084,18.0029563903809
"3","District de Monthey",2308,"2026-07-24",17.4949989318848,18.920539855957
"4","District de Monthey",2308,"2026-07-25",18.8374691009521,20.0919666290283
"5","District de Monthey",2308,"2026-07-26",14.6797733306885,15.8337812423706
"6","Bezirk Mittelland",1502,"2026-07-22",16.1572208404541,16.2957286834717
"7","Bezirk Mittelland",1502,"2026-07-23",15.8260126113892,15.9701919555664
"8","Bezirk Mittelland",1502,"2026-07-24",16.6296634674072,16.6661224365234
"9","Bezirk Mittelland",1502,"2026-07-25",21.4379329681396,21.5219841003418
"10","Bezirk Mittelland",1502,"2026-07-26",18.837739944458,19.1013565063477
"11","Bezirk Brig",2301,"2026-07-22",10.7262992858887,12.7127418518066
"12","Bezirk Brig",2301,"2026-07-23",10.7559156417847,12.6973962783813
"13","Bezirk Brig",2301,"2026-07-24",12.2678575515747,14.3333930969238
"14","Bezirk Brig",2301,"2026-07-25",12.2714767456055,14.8202953338623
"15","Bezirk Brig",2301,"2026-07-26",9.85284805297852,11.4995307922363
"16","District de la Sarine",1004,"2026-07-22",18.8336448669434,18.6796474456787
"17","District de la Sarine",1004,"2026-07-23",19.6022205352783,19.4655113220215
"18","District de la Sarine",1004,"2026-07-24",19.9625587463379,19.5896739959717
"19","District de la Sarine",1004,"2026-07-25",22.0704364776611,21.8508033752441
"20","District de la Sarine",1004,"2026-07-26",19.7391834259033,19.6606693267822
"21","Bezirk Pfäffikon",108,"2026-07-22",18.8723335266113,19.1215877532959
"22","Bezirk Pfäffikon",108,"2026-07-23",18.6714134216309,18.9728260040283
"23","Bezirk Pfäffikon",108,"2026-07-24",18.957426071167,19.2986850738525
"24","Bezirk Pfäffikon",108,"2026-07-25",22.59494972229,22.7805023193359
"25","Bezirk Pfäffikon",108,"2026-07-26",20.5777626037598,20.7858848571777
"26","Bezirk Bülach",103,"2026-07-22",19.6001300811768,19.550931930542
"27","Bezirk Bülach",103,"2026-07-23",19.4028568267822,19.4194469451904
"28","Bezirk Bülach",103,"2026-07-24",19.7749538421631,19.751163482666
"29","Bezirk Bülach",103,"2026-07-25",22.8154907226562,22.7004661560059
"30","Bezirk Bülach",103,"2026-07-26",21.3938369750977,21.5817527770996
"31","Bezirk Baden",1902,"2026-07-22",19.8044376373291,19.837760925293
"32","Bezirk Baden",1902,"2026-07-23",19.5409297943115,19.5568027496338
"33","Bezirk Baden",1902,"2026-07-24",20.1700897216797,20.1692905426025
"34","Bezirk Baden",1902,"2026-07-25",22.7530498504639,22.7614517211914
"35","Bezirk Baden",1902,"2026-07-26",21.0596771240234,21.0647201538086
"36","Bezirk Hinwil",105,"2026-07-22",18.7036304473877,19.1661434173584
"37","Bezirk Hinwil",105,"2026-07-23",18.6600246429443,19.2395534515381
"38","Bezirk Hinwil",105,"2026-07-24",19.2111721038818,19.7612743377686
"39","Bezirk Hinwil",105,"2026-07-25",22.7689819335938,23.1597309112549
"40","Bezirk Hinwil",105,"2026-07-26",20.2073707580566,20.7414627075195
"41","Bezirk Bremgarten",1903,"2026-07-22",19.5444431304932,19.5115280151367
"42","Bezirk Bremgarten",1903,"2026-07-23",19.5714473724365,19.533784866333
"43","Bezirk Bremgarten",1903,"2026-07-24",20.1944446563721,20.1526393890381
"44","Bezirk Bremgarten",1903,"2026-07-25",22.7213325500488,22.6558723449707
"45","Bezirk Bremgarten",1903,"2026-07-26",21.1775188446045,21.1930160522461
"46","Bezirk Kulm",1905,"2026-07-22",19.2299270629883,19.2805690765381
"47","Bezirk Kulm",1905,"2026-07-23",19.3671894073486,19.4146976470947
"48","Bezirk Kulm",1905,"2026-07-24",20.0926361083984,20.1708126068115
"49","Bezirk Kulm",1905,"2026-07-25",22.8070621490479,22.9002418518066
"50","Bezirk Kulm",1905,"2026-07-26",20.4910926818848,20.6033840179443
"51","Bezirk Laufenburg",1906,"2026-07-22",19.8215045928955,19.8883972167969
"52","Bezirk Laufenburg",1906,"2026-07-23",19.3885955810547,19.4261417388916
"53","Bezirk Laufenburg",1906,"2026-07-24",20.5308151245117,20.5855960845947
"54","Bezirk Laufenburg",1906,"2026-07-25",23.2736797332764,23.2988986968994
"55","Bezirk Laufenburg",1906,"2026-07-26",20.8984565734863,21.012077331543
"56","Bezirk Rheinfelden",1909,"2026-07-22",19.8040103912354,19.8048229217529
"57","Bezirk Rheinfelden",1909,"2026-07-23",19.4384994506836,19.5232067108154
"58","Bezirk Rheinfelden",1909,"2026-07-24",20.9563274383545,20.9182109832764
"59","Bezirk Rheinfelden",1909,"2026-07-25",24.0151653289795,24.0595436096191
"60","Bezirk Rheinfelden",1909,"2026-07-26",22.2577819824219,22.4710636138916
"61","Bezirk Winterthur",110,"2026-07-22",18.931941986084,18.9604873657227
"62","Bezirk Winterthur",110,"2026-07-23",18.8007926940918,18.8712940216064
"63","Bezirk Winterthur",110,"2026-07-24",18.96702003479,18.9493312835693
"64","Bezirk Winterthur",110,"2026-07-25",22.5991287231445,22.4596748352051
"65","Bezirk Winterthur",110,"2026-07-26",21.0939121246338,21.1298694610596
"66","Bezirk Höfe",503,"2026-07-22",18.5911083221436,19.1084957122803
"67","Bezirk Höfe",503,"2026-07-23",18.8162975311279,19.3317756652832
"68","Bezirk Höfe",503,"2026-07-24",19.3863658905029,19.8807201385498
"69","Bezirk Höfe",503,"2026-07-25",22.7825183868408,23.1183795928955
"70","Bezirk Höfe",503,"2026-07-26",20.3807277679443,20.8353824615479
"71","Bezirk Visp",2313,"2026-07-22",7.76459789276123,11.7491798400879
"72","Bezirk Visp",2313,"2026-07-23",7.49928998947144,11.6565446853638
"73","Bezirk Visp",2313,"2026-07-24",9.54982280731201,13.4139261245728
"74","Bezirk Visp",2313,"2026-07-25",9.75624465942383,13.6792821884155
"75","Bezirk Visp",2313,"2026-07-26",6.86507749557495,10.4263687133789
"76","Kanton Zug",900,"2026-07-22",18.5027179718018,19.0684299468994
"77","Kanton Zug",900,"2026-07-23",18.6248588562012,19.1929836273193
"78","Kanton Zug",900,"2026-07-24",19.3880710601807,19.9467105865479
"79","Kanton Zug",900,"2026-07-25",22.2831172943115,22.6036891937256
"80","Kanton Zug",900,"2026-07-26",19.9143810272217,20.5296592712402
"81","Bezirk Thierstein",1110,"2026-07-22",17.8781051635742,18.1705131530762
"82","Bezirk Thierstein",1110,"2026-07-23",17.6342391967773,17.9768695831299
"83","Bezirk Thierstein",1110,"2026-07-24",18.8717422485352,19.0729522705078
"84","Bezirk Thierstein",1110,"2026-07-25",22.3369331359863,22.5231609344482
"85","Bezirk Thierstein",1110,"2026-07-26",20.6413764953613,20.9936065673828
"86","Bezirk Meilen",107,"2026-07-22",20.0784873962402,19.9876594543457
"87","Bezirk Meilen",107,"2026-07-23",20.205451965332,20.0930080413818
"88","Bezirk Meilen",107,"2026-07-24",20.829553604126,20.7280120849609
"89","Bezirk Meilen",107,"2026-07-25",23.7335662841797,23.6790790557861
"90","Bezirk Meilen",107,"2026-07-26",21.3407382965088,21.2052555084229
"91","Bezirk Raron",2309,"2026-07-22",10.6532497406006,13.2417993545532
"92","Bezirk Raron",2309,"2026-07-23",10.5800008773804,13.3483085632324
"93","Bezirk Raron",2309,"2026-07-24",12.43141746521,14.8796157836914
"94","Bezirk Raron",2309,"2026-07-25",13.2046165466309,15.5584478378296
"95","Bezirk Raron",2309,"2026-07-26",9.75746536254883,11.8258972167969
"96","Bezirk Zofingen",1910,"2026-07-22",19.301097869873,19.3730754852295
"97","Bezirk Zofingen",1910,"2026-07-23",19.3299388885498,19.3635578155518
"98","Bezirk Zofingen",1910,"2026-07-24",19.9393997192383,19.9735088348389
"99","Bezirk Zofingen",1910,"2026-07-25",21.9196071624756,21.8479995727539
"100","Bezirk Zofingen",1910,"2026-07-26",19.9413833618164,19.9334526062012
"101","Bezirk Gösgen",1105,"2026-07-22",19.3413429260254,19.6023902893066
"102","Bezirk Gösgen",1105,"2026-07-23",19.0411319732666,19.3233985900879
"103","Bezirk Gösgen",1105,"2026-07-24",20.0944404602051,20.2319412231445
"104","Bezirk Gösgen",1105,"2026-07-25",22.1939449310303,22.1650066375732
"105","Bezirk Gösgen",1105,"2026-07-26",19.8245849609375,19.9163570404053
"106","Bezirk Dorneck",1104,"2026-07-22",18.9141139984131,19.1824417114258
"107","Bezirk Dorneck",1104,"2026-07-23",18.6397285461426,18.9904289245605
"108","Bezirk Dorneck",1104,"2026-07-24",19.9014682769775,20.137414932251
"109","Bezirk Dorneck",1104,"2026-07-25",23.5272922515869,23.8743953704834
"110","Bezirk Dorneck",1104,"2026-07-26",22.0318069458008,22.6099414825439
"111","Kanton Nidwalden",700,"2026-07-22",15.1267518997192,17.1986408233643
"112","Kanton Nidwalden",700,"2026-07-23",15.3016986846924,17.4001159667969
"113","Kanton Nidwalden",700,"2026-07-24",16.4489002227783,18.2588233947754
"114","Kanton Nidwalden",700,"2026-07-25",20.1569709777832,21.946662902832
"115","Kanton Nidwalden",700,"2026-07-26",16.4428768157959,18.5144195556641
"116","Bezirk Vorderland",1503,"2026-07-22",17.0157661437988,17.2873516082764
"117","Bezirk Vorderland",1503,"2026-07-23",16.6568908691406,16.9728889465332
"118","Bezirk Vorderland",1503,"2026-07-24",17.5077800750732,17.7457084655762
"119","Bezirk Vorderland",1503,"2026-07-25",21.8924369812012,22.0467777252197
"120","Bezirk Vorderland",1503,"2026-07-26",19.7156105041504,20.0270843505859
"121","Bezirk Brugg",1904,"2026-07-22",19.9136409759521,19.8534069061279
"122","Bezirk Brugg",1904,"2026-07-23",19.6652946472168,19.6188125610352
"123","Bezirk Brugg",1904,"2026-07-24",20.385274887085,20.2506980895996
"124","Bezirk Brugg",1904,"2026-07-25",22.8122272491455,22.6546440124512
"125","Bezirk Brugg",1904,"2026-07-26",20.7057361602783,20.8584613800049
"126","Kanton Uri",400,"2026-07-22",9.87181282043457,13.0791921615601
"127","Kanton Uri",400,"2026-07-23",9.88409042358398,13.1221971511841
"128","Kanton Uri",400,"2026-07-24",11.6395740509033,14.6426973342896
"129","Kanton Uri",400,"2026-07-25",14.4782810211182,17.7753086090088
"130","Kanton Uri",400,"2026-07-26",11.065167427063,14.3785457611084
"131","Bezirk Andelfingen",102,"2026-07-22",19.3172206878662,19.3256416320801
"132","Bezirk Andelfingen",102,"2026-07-23",19.1647262573242,19.1539363861084
"133","Bezirk Andelfingen",102,"2026-07-24",19.3137874603271,19.3116149902344
"134","Bezirk Andelfingen",102,"2026-07-25",22.7106838226318,22.722635269165
"135","Bezirk Andelfingen",102,"2026-07-26",21.4502449035645,21.4116115570068
"136","Bezirk Uster",109,"2026-07-22",19.6838092803955,19.6987075805664
"137","Bezirk Uster",109,"2026-07-23",19.7795391082764,19.7791881561279
"138","Bezirk Uster",109,"2026-07-24",19.9230003356934,19.9586524963379
"139","Bezirk Uster",109,"2026-07-25",22.9426212310791,22.9662704467773
"140","Bezirk Uster",109,"2026-07-26",21.4901084899902,21.5333232879639
"141","Bezirk March",505,"2026-07-22",16.5325546264648,18.4619235992432
"142","Bezirk March",505,"2026-07-23",16.6722564697266,18.5900230407715
"143","Bezirk March",505,"2026-07-24",17.6239967346191,19.3590602874756
"144","Bezirk March",505,"2026-07-25",21.3313903808594,22.8110027313232
"145","Bezirk March",505,"2026-07-26",18.4205112457275,20.38623046875
"146","District de la Gruyère",1003,"2026-07-22",15.8153972625732,17.1003131866455
"147","District de la Gruyère",1003,"2026-07-23",16.5039482116699,17.8746585845947
"148","District de la Gruyère",1003,"2026-07-24",17.547815322876,18.7362327575684
"149","District de la Gruyère",1003,"2026-07-25",19.8542232513428,21.0124225616455
"150","District de la Gruyère",1003,"2026-07-26",16.2574367523193,17.6100597381592
"151","Bezirk Sense",1006,"2026-07-22",17.4313068389893,18.35910987854
"152","Bezirk Sense",1006,"2026-07-23",18.2228183746338,19.2447128295898
"153","Bezirk Sense",1006,"2026-07-24",18.6802749633789,19.4239826202393
"154","Bezirk Sense",1006,"2026-07-25",21.1622829437256,21.7596302032471
"155","Bezirk Sense",1006,"2026-07-26",18.0276298522949,19.0063915252686
"156","Distretto di Mendrisio",2106,"2026-07-22",21.3202095031738,22.4519901275635
"157","Distretto di Mendrisio",2106,"2026-07-23",22.6675128936768,23.8002777099609
"158","Distretto di Mendrisio",2106,"2026-07-24",21.726806640625,22.7911949157715
"159","Distretto di Mendrisio",2106,"2026-07-25",21.7160148620605,22.9150352478027
"160","Distretto di Mendrisio",2106,"2026-07-26",21.5383586883545,22.6486778259277
"161","Bezirk Dielsdorf",104,"2026-07-22",19.7153263092041,19.6427021026611
"162","Bezirk Dielsdorf",104,"2026-07-23",19.5117034912109,19.5010185241699
"163","Bezirk Dielsdorf",104,"2026-07-24",19.8913440704346,19.8167972564697
"164","Bezirk Dielsdorf",104,"2026-07-25",22.8593692779541,22.7393989562988
"165","Bezirk Dielsdorf",104,"2026-07-26",21.3431053161621,21.3976974487305
"166","Bezirk Solothurn",1109,"2026-07-22",19.4091510772705,19.3860969543457
"167","Bezirk Solothurn",1109,"2026-07-23",19.3221111297607,19.2903709411621
"168","Bezirk Solothurn",1109,"2026-07-24",19.9476680755615,19.9181976318359
"169","Bezirk Solothurn",1109,"2026-07-25",21.2473602294922,21.2082843780518
"170","Bezirk Solothurn",1109,"2026-07-26",19.6427955627441,19.6615428924561
"171","Canton de Genève",2500,"2026-07-22",21.6543712615967,21.8987064361572
"172","Canton de Genève",2500,"2026-07-23",21.8972606658936,21.9540004730225
"173","Canton de Genève",2500,"2026-07-24",22.4562320709229,22.4943599700928
"174","Canton de Genève",2500,"2026-07-25",22.4889469146729,22.4353218078613
"175","Canton de Genève",2500,"2026-07-26",22.4536876678467,22.616943359375
"176","Distretto di Lugano",2105,"2026-07-22",19.9906635284424,21.4206581115723
"177","Distretto di Lugano",2105,"2026-07-23",21.0698699951172,22.4937953948975
"178","Distretto di Lugano",2105,"2026-07-24",20.4634552001953,21.7970237731934
"179","Distretto di Lugano",2105,"2026-07-25",19.9156341552734,21.2945709228516
"180","Distretto di Lugano",2105,"2026-07-26",19.686975479126,21.0422115325928
"181","Bezirk Hinterland",1501,"2026-07-22",15.654275894165,16.3746128082275
"182","Bezirk Hinterland",1501,"2026-07-23",15.5956935882568,16.3375072479248
"183","Bezirk Hinterland",1501,"2026-07-24",16.148286819458,16.6279048919678
"184","Bezirk Hinterland",1501,"2026-07-25",20.9963760375977,21.5879650115967
"185","Bezirk Hinterland",1501,"2026-07-26",18.2667121887207,19.4111270904541
"186","Bezirk Muri",1908,"2026-07-22",19.6254863739014,19.6909523010254
"187","Bezirk Muri",1908,"2026-07-23",19.7563419342041,19.8089027404785
"188","Bezirk Muri",1908,"2026-07-24",20.4401073455811,20.47829246521
"189","Bezirk Muri",1908,"2026-07-25",22.893045425415,22.8747024536133
"190","Bezirk Muri",1908,"2026-07-26",21.141092300415,21.2764453887939
"191","Bezirk Olten",1108,"2026-07-22",19.4283027648926,19.5304622650146
"192","Bezirk Olten",1108,"2026-07-23",19.2332515716553,19.3572025299072
"193","Bezirk Olten",1108,"2026-07-24",19.9401664733887,19.9934978485107
"194","Bezirk Olten",1108,"2026-07-25",21.7387866973877,21.8300476074219
"195","Bezirk Olten",1108,"2026-07-26",19.7245559692383,19.8649559020996
"196","Bezirk Zurzach",1911,"2026-07-22",19.7901782989502,19.8135585784912
"197","Bezirk Zurzach",1911,"2026-07-23",19.5058212280273,19.507417678833
"198","Bezirk Zurzach",1911,"2026-07-24",20.0434455871582,20.0736541748047
"199","Bezirk Zurzach",1911,"2026-07-25",22.8657550811768,22.8414058685303
"200","Bezirk Zurzach",1911,"2026-07-26",20.8161525726318,20.7812786102295
"201","Distretto di Locarno",2104,"2026-07-22",16.9169864654541,21.4970455169678
"202","Distretto di Locarno",2104,"2026-07-23",17.8209247589111,22.4558181762695
"203","Distretto di Locarno",2104,"2026-07-24",17.4898052215576,21.9859504699707
"204","Distretto di Locarno",2104,"2026-07-25",16.7669525146484,21.2221183776855
"205","Distretto di Locarno",2104,"2026-07-26",16.2413024902344,20.2645606994629
"206","Bezirk Schwyz",506,"2026-07-22",14.1587476730347,16.2729454040527
"207","Bezirk Schwyz",506,"2026-07-23",14.2699394226074,16.4145565032959
"208","Bezirk Schwyz",506,"2026-07-24",15.5914573669434,17.6352462768555
"209","Bezirk Schwyz",506,"2026-07-25",19.2221813201904,21.1365528106689
"210","Bezirk Schwyz",506,"2026-07-26",15.4243116378784,17.3611888885498
"211","Bezirk Affoltern",101,"2026-07-22",19.5326709747314,19.5074710845947
"212","Bezirk Affoltern",101,"2026-07-23",19.6230220794678,19.5820121765137
"213","Bezirk Affoltern",101,"2026-07-24",20.2295780181885,20.1425457000732
"214","Bezirk Affoltern",101,"2026-07-25",23.0249500274658,22.9618053436279
"215","Bezirk Affoltern",101,"2026-07-26",20.7182464599609,20.7547130584717
"216","Bezirk Lenzburg",1907,"2026-07-22",19.7586135864258,19.7864322662354
"217","Bezirk Lenzburg",1907,"2026-07-23",19.7511463165283,19.719274520874
"218","Bezirk Lenzburg",1907,"2026-07-24",20.158317565918,20.0757369995117
"219","Bezirk Lenzburg",1907,"2026-07-25",22.8068046569824,22.7339057922363
"220","Bezirk Lenzburg",1907,"2026-07-26",21.0540733337402,21.0385627746582
"221","Bezirk Aarau",1901,"2026-07-22",19.8581676483154,19.9911708831787
"222","Bezirk Aarau",1901,"2026-07-23",19.6399974822998,19.7345390319824
"223","Bezirk Aarau",1901,"2026-07-24",20.3795986175537,20.4150886535645
"224","Bezirk Aarau",1901,"2026-07-25",22.6340370178223,22.576322555542
"225","Bezirk Aarau",1901,"2026-07-26",20.5328197479248,20.6317520141602
"226","Bezirk Reiat",1402,"2026-07-22",18.8986625671387,19.0217151641846
"227","Bezirk Reiat",1402,"2026-07-23",18.4850597381592,18.6207618713379
"228","Bezirk Reiat",1402,"2026-07-24",19.0389003753662,19.1887912750244
"229","Bezirk Reiat",1402,"2026-07-25",22.9379730224609,23.0114097595215
"230","Bezirk Reiat",1402,"2026-07-26",21.0718746185303,21.1426105499268
"231","Bezirk Stein",1405,"2026-07-22",18.6561107635498,18.6435031890869
"232","Bezirk Stein",1405,"2026-07-23",18.6699562072754,18.6703834533691
"233","Bezirk Stein",1405,"2026-07-24",18.8010196685791,18.7947616577148
"234","Bezirk Stein",1405,"2026-07-25",22.5748386383057,22.5496845245361
"235","Bezirk Stein",1405,"2026-07-26",21.2220401763916,21.1912689208984
"236","Bezirk Horgen",106,"2026-07-22",19.171365737915,19.4345054626465
"237","Bezirk Horgen",106,"2026-07-23",19.3976230621338,19.6594200134277
"238","Bezirk Horgen",106,"2026-07-24",19.9427146911621,20.2219009399414
"239","Bezirk Horgen",106,"2026-07-25",23.0551891326904,23.1458473205566
"240","Bezirk Horgen",106,"2026-07-26",20.7777767181396,21.1263771057129
"241","Bezirk Bucheggberg",1103,"2026-07-22",19.4911289215088,19.4842586517334
"242","Bezirk Bucheggberg",1103,"2026-07-23",19.6062908172607,19.5906448364258
"243","Bezirk Bucheggberg",1103,"2026-07-24",20.2718830108643,20.2518310546875
"244","Bezirk Bucheggberg",1103,"2026-07-25",21.8695602416992,21.8338222503662
"245","Bezirk Bucheggberg",1103,"2026-07-26",19.2890853881836,19.3250350952148
"246","Bezirk Unterklettgau",1406,"2026-07-22",19.1409435272217,19.1401863098145
"247","Bezirk Unterklettgau",1406,"2026-07-23",19.0984783172607,19.1041450500488
"248","Bezirk Unterklettgau",1406,"2026-07-24",19.5762195587158,19.5891933441162
"249","Bezirk Unterklettgau",1406,"2026-07-25",22.7467021942139,22.7446365356445
"250","Bezirk Unterklettgau",1406,"2026-07-26",20.7005062103271,20.6815147399902
"251","District de Martigny",2307,"2026-07-22",15.6461982727051,18.3579120635986
"252","District de Martigny",2307,"2026-07-23",16.1920852661133,18.9869709014893
"253","District de Martigny",2307,"2026-07-24",17.485595703125,20.0805625915527
"254","District de Martigny",2307,"2026-07-25",17.9765071868896,20.3578777313232
"255","District de Martigny",2307,"2026-07-26",13.6572160720825,15.8228693008423
"256","District de Sion",2312,"2026-07-22",14.8409013748169,19.7719898223877
"257","District de Sion",2312,"2026-07-23",15.2883386611938,20.292200088501
"258","District de Sion",2312,"2026-07-24",16.7493362426758,21.5096187591553
"259","District de Sion",2312,"2026-07-25",17.4076309204102,21.7403907775879
"260","District de Sion",2312,"2026-07-26",12.8874664306641,16.8945713043213
"261","District de Saint-Maurice",2310,"2026-07-22",13.6035823822021,17.5548439025879
"262","District de Saint-Maurice",2310,"2026-07-23",14.1666259765625,18.2842960357666
"263","District de Saint-Maurice",2310,"2026-07-24",15.5490970611572,19.3281726837158
"264","District de Saint-Maurice",2310,"2026-07-25",16.544979095459,20.1816272735596
"265","District de Saint-Maurice",2310,"2026-07-26",12.2941598892212,15.592381477356
"266","District de Conthey",2302,"2026-07-22",13.8994922637939,15.6389255523682
"267","District de Conthey",2302,"2026-07-23",14.3515825271606,16.1495780944824
"268","District de Conthey",2302,"2026-07-24",15.7177810668945,17.3872776031494
"269","District de Conthey",2302,"2026-07-25",16.2572212219238,17.8184051513672
"270","District de Conthey",2302,"2026-07-26",11.9969530105591,13.4064683914185
"271","District d'Hérens",2305,"2026-07-22",9.39541625976562,14.1815853118896
"272","District d'Hérens",2305,"2026-07-23",9.364914894104,14.5133209228516
"273","District d'Hérens",2305,"2026-07-24",11.3070917129517,16.0198936462402
"274","District d'Hérens",2305,"2026-07-25",11.8560771942139,16.5135383605957
"275","District d'Hérens",2305,"2026-07-26",8.18943119049072,12.2555723190308
"276","Bezirk Leuk",2306,"2026-07-22",11.5524339675903,15.9012622833252
"277","Bezirk Leuk",2306,"2026-07-23",11.6685361862183,16.2274055480957
"278","Bezirk Leuk",2306,"2026-07-24",13.4104204177856,17.5803966522217
"279","Bezirk Leuk",2306,"2026-07-25",14.1668043136597,18.1824970245361
"280","Bezirk Leuk",2306,"2026-07-26",10.2132654190063,13.718560218811
"281","District de la Broye",1001,"2026-07-22",20.6415367126465,20.7668476104736
"282","District de la Broye",1001,"2026-07-23",21.219352722168,21.2979068756104
"283","District de la Broye",1001,"2026-07-24",21.4881381988525,21.5561103820801
"284","District de la Broye",1001,"2026-07-25",22.9645118713379,22.9706382751465
"285","District de la Broye",1001,"2026-07-26",21.2159061431885,21.3693141937256
"286","Distretto di Vallemaggia",2108,"2026-07-22",14.1475133895874,16.724250793457
"287","Distretto di Vallemaggia",2108,"2026-07-23",14.5897483825684,17.5321388244629
"288","Distretto di Vallemaggia",2108,"2026-07-24",14.9186763763428,17.352783203125
"289","Distretto di Vallemaggia",2108,"2026-07-25",14.1810331344604,16.4846057891846
"290","Distretto di Vallemaggia",2108,"2026-07-26",13.7130279541016,15.9577379226685
"291","District de Sierre",2311,"2026-07-22",11.4935417175293,18.4556102752686
"292","District de Sierre",2311,"2026-07-23",11.6141748428345,18.9547729492188
"293","District de Sierre",2311,"2026-07-24",13.3763303756714,20.1368503570557
"294","District de Sierre",2311,"2026-07-25",13.9657373428345,20.5101222991943
"295","District de Sierre",2311,"2026-07-26",9.99401950836182,15.7302646636963
"296","District de la Glâne",1002,"2026-07-22",18.7199821472168,18.7603778839111
"297","District de la Glâne",1002,"2026-07-23",19.6359462738037,19.6575984954834
"298","District de la Glâne",1002,"2026-07-24",20.1781635284424,20.1906719207764
"299","District de la Glâne",1002,"2026-07-25",22.1778583526611,22.1483573913574
"300","District de la Glâne",1002,"2026-07-26",19.5259780883789,19.5989551544189
"301","District de la Veveyse",1007,"2026-07-22",17.4555377960205,17.7854785919189
"302","District de la Veveyse",1007,"2026-07-23",18.2923622131348,18.6628799438477
"303","District de la Veveyse",1007,"2026-07-24",19.1589164733887,19.4308547973633
"304","District de la Veveyse",1007,"2026-07-25",21.2030239105225,21.4207153320312
"305","District de la Veveyse",1007,"2026-07-26",17.4610576629639,17.8179206848145
"306","Bezirk Schaffhausen",1403,"2026-07-22",19.0395698547363,19.2397308349609
"307","Bezirk Schaffhausen",1403,"2026-07-23",18.6612529754639,18.8978118896484
"308","Bezirk Schaffhausen",1403,"2026-07-24",19.3060665130615,19.5360794067383
"309","Bezirk Schaffhausen",1403,"2026-07-25",22.9137554168701,23.0922756195068
"310","Bezirk Schaffhausen",1403,"2026-07-26",20.7203941345215,20.8859233856201
"311","Bezirk See / District du Lac",1005,"2026-07-22",20.1233787536621,20.1253471374512
"312","Bezirk See / District du Lac",1005,"2026-07-23",20.3916320800781,20.3735542297363
"313","Bezirk See / District du Lac",1005,"2026-07-24",20.9753036499023,20.9661045074463
"314","Bezirk See / District du Lac",1005,"2026-07-25",21.998405456543,21.988883972168
"315","Bezirk See / District du Lac",1005,"2026-07-26",20.3082714080811,20.2834987640381
"316","Distretto di Leventina",2103,"2026-07-22",12.4615802764893,14.5554447174072
"317","Distretto di Leventina",2103,"2026-07-23",12.432520866394,14.6575784683228
"318","Distretto di Leventina",2103,"2026-07-24",13.7051954269409,15.4881238937378
"319","Distretto di Leventina",2103,"2026-07-25",13.3902111053467,15.0424661636353
"320","Distretto di Leventina",2103,"2026-07-26",12.2523822784424,14.030463218689
"321","Kanton Basel-Stadt",1200,"2026-07-22",20.2756652832031,20.4162521362305
"322","Kanton Basel-Stadt",1200,"2026-07-23",20.3242111206055,20.5613460540771
"323","Kanton Basel-Stadt",1200,"2026-07-24",21.0816974639893,21.1585350036621
"324","Kanton Basel-Stadt",1200,"2026-07-25",24.4683227539062,24.3876056671143
"325","Kanton Basel-Stadt",1200,"2026-07-26",23.7435188293457,23.8641948699951
"326","Bezirk Lebern",1107,"2026-07-22",18.6979312896729,19.1728572845459
"327","Bezirk Lebern",1107,"2026-07-23",18.5958919525146,19.0818691253662
"328","Bezirk Lebern",1107,"2026-07-24",19.6951389312744,20.0660858154297
"329","Bezirk Lebern",1107,"2026-07-25",21.5814056396484,21.7487239837646
"330","Bezirk Lebern",1107,"2026-07-26",18.5434551239014,18.8904895782471
"331","Kanton Obwalden",600,"2026-07-22",13.8254079818726,14.3078422546387
"332","Kanton Obwalden",600,"2026-07-23",14.1276979446411,14.6275043487549
"333","Kanton Obwalden",600,"2026-07-24",15.2816743850708,15.7325296401978
"334","Kanton Obwalden",600,"2026-07-25",19.0360946655273,19.5359935760498
"335","Kanton Obwalden",600,"2026-07-26",14.8397836685181,15.3030614852905
"336","Distretto di Bellinzona",2101,"2026-07-22",18.4087390899658,20.4670791625977
"337","Distretto di Bellinzona",2101,"2026-07-23",19.2306385040283,21.3848094940186
"338","Distretto di Bellinzona",2101,"2026-07-24",19.0894374847412,21.1918659210205
"339","Distretto di Bellinzona",2101,"2026-07-25",18.5754776000977,20.4819946289062
"340","Distretto di Bellinzona",2101,"2026-07-26",17.7196884155273,19.4906330108643
"341","District d'Entremont",2303,"2026-07-22",9.3921709060669,11.1112337112427
"342","District d'Entremont",2303,"2026-07-23",9.37345695495605,11.250732421875
"343","District d'Entremont",2303,"2026-07-24",11.4577875137329,13.0973787307739
"344","District d'Entremont",2303,"2026-07-25",11.8730907440186,13.6064157485962
"345","District d'Entremont",2303,"2026-07-26",8.25608062744141,9.82807731628418
"346","Bezirk Schleitheim",1404,"2026-07-22",18.2345180511475,18.2948417663574
"347","Bezirk Schleitheim",1404,"2026-07-23",18.0523242950439,18.0415344238281
"348","Bezirk Schleitheim",1404,"2026-07-24",18.8907337188721,18.9384002685547
"349","Bezirk Schleitheim",1404,"2026-07-25",22.2199382781982,22.3260536193848
"350","Bezirk Schleitheim",1404,"2026-07-26",20.2297840118408,20.1186237335205
"351","Bezirk Goms",2304,"2026-07-22",7.41666126251221,10.2942276000977
"352","Bezirk Goms",2304,"2026-07-23",7.08435535430908,10.1727809906006
"353","Bezirk Goms",2304,"2026-07-24",9.28991413116455,11.9993352890015
"354","Bezirk Goms",2304,"2026-07-25",10.0833616256714,12.8261632919312
"355","Bezirk Goms",2304,"2026-07-26",7.35681343078613,9.83227729797363
"356","Distretto di Riviera",2107,"2026-07-22",15.5659780502319,15.4713172912598
"357","Distretto di Riviera",2107,"2026-07-23",16.0663928985596,15.9243230819702
"358","Distretto di Riviera",2107,"2026-07-24",16.2957038879395,16.1994438171387
"359","Distretto di Riviera",2107,"2026-07-25",16.0607433319092,15.9963369369507
"360","Distretto di Riviera",2107,"2026-07-26",15.0333499908447,14.9781169891357
"361","Bezirk Gersau",502,"2026-07-22",17.4940166473389,16.9280071258545
"362","Bezirk Gersau",502,"2026-07-23",17.7039928436279,17.1267433166504
"363","Bezirk Gersau",502,"2026-07-24",18.8081111907959,18.3077182769775
"364","Bezirk Gersau",502,"2026-07-25",22.1106357574463,21.6657066345215
"365","Bezirk Gersau",502,"2026-07-26",18.4227142333984,17.8201313018799
"366","Bezirk Oberklettgau",1401,"2026-07-22",19.1963882446289,19.2553691864014
"367","Bezirk Oberklettgau",1401,"2026-07-23",19.0184383392334,19.0409564971924
"368","Bezirk Oberklettgau",1401,"2026-07-24",19.6491565704346,19.7075939178467
"369","Bezirk Oberklettgau",1401,"2026-07-25",22.9332180023193,22.9934368133545
"370","Bezirk Oberklettgau",1401,"2026-07-26",20.8010845184326,20.7903919219971
"371","Bezirk Einsiedeln",501,"2026-07-22",15.514988899231,15.6692981719971
"372","Bezirk Einsiedeln",501,"2026-07-23",15.7664909362793,15.9180030822754
"373","Bezirk Einsiedeln",501,"2026-07-24",16.600076675415,16.7417316436768
"374","Bezirk Einsiedeln",501,"2026-07-25",20.6433010101318,20.7728672027588
"375","Bezirk Einsiedeln",501,"2026-07-26",17.2328491210938,17.3935203552246
"376","District de Delémont",2601,"2026-07-22",17.6170063018799,17.9576377868652
"377","District de Delémont",2601,"2026-07-23",17.5356616973877,17.957799911499
"378","District de Delémont",2601,"2026-07-24",18.5032444000244,18.7814826965332
"379","District de Delémont",2601,"2026-07-25",22.0532760620117,22.0495128631592
"380","District de Delémont",2601,"2026-07-26",20.7766761779785,21.2397708892822
"381","District des Franches-Montagnes",2602,"2026-07-22",16.5683898925781,16.4379844665527
"382","District des Franches-Montagnes",2602,"2026-07-23",16.579740524292,16.4985828399658
"383","District des Franches-Montagnes",2602,"2026-07-24",17.959436416626,17.9071674346924
"384","District des Franches-Montagnes",2602,"2026-07-25",21.7187023162842,21.5410766601562
"385","District des Franches-Montagnes",2602,"2026-07-26",19.3452453613281,19.1002902984619
"386","District de Porrentruy",2603,"2026-07-22",18.4943141937256,18.6719131469727
"387","District de Porrentruy",2603,"2026-07-23",18.5644264221191,18.7919273376465
"388","District de Porrentruy",2603,"2026-07-24",19.2677669525146,19.4164657592773
"389","District de Porrentruy",2603,"2026-07-25",23.0031719207764,23.08376121521
"390","District de Porrentruy",2603,"2026-07-26",21.8592090606689,22.1788864135742
"391","Bezirk Zürich",112,"2026-07-22",19.8234405517578,19.8405666351318
"392","Bezirk Zürich",112,"2026-07-23",19.8973159790039,19.9142208099365
"393","Bezirk Zürich",112,"2026-07-24",20.1728553771973,20.1849231719971
"394","Bezirk Zürich",112,"2026-07-25",22.8931579589844,22.8941841125488
"395","Bezirk Zürich",112,"2026-07-26",21.6675720214844,21.6995220184326
"396","Bezirk Dietikon",111,"2026-07-22",19.4460964202881,19.4556522369385
"397","Bezirk Dietikon",111,"2026-07-23",19.4343147277832,19.4216709136963
"398","Bezirk Dietikon",111,"2026-07-24",19.7060871124268,19.64479637146
"399","Bezirk Dietikon",111,"2026-07-25",22.6568031311035,22.6232852935791
"400","Bezirk Dietikon",111,"2026-07-26",21.3427963256836,21.4951305389404
"401","Bezirk Gäu",1101,"2026-07-22",19.1939506530762,19.1836204528809
"402","Bezirk Gäu",1101,"2026-07-23",18.9901599884033,18.9817848205566
"403","Bezirk Gäu",1101,"2026-07-24",19.8266944885254,19.8355350494385
"404","Bezirk Gäu",1101,"2026-07-25",21.1307125091553,21.1497421264648
"405","Bezirk Gäu",1101,"2026-07-26",19.2504653930664,19.2422103881836
"406","Bezirk Thal",1102,"2026-07-22",17.4169216156006,17.767635345459
"407","Bezirk Thal",1102,"2026-07-23",17.2235355377197,17.6190719604492
"408","Bezirk Thal",1102,"2026-07-24",18.628776550293,18.9243144989014
"409","Bezirk Thal",1102,"2026-07-25",21.4332141876221,21.5137538909912
"410","Bezirk Thal",1102,"2026-07-26",18.5034503936768,18.6538391113281
"411","Bezirk Wasseramt",1106,"2026-07-22",19.1957302093506,19.1618957519531
"412","Bezirk Wasseramt",1106,"2026-07-23",19.1892204284668,19.1123237609863
"413","Bezirk Wasseramt",1106,"2026-07-24",19.7320880889893,19.6866130828857
"414","Bezirk Wasseramt",1106,"2026-07-25",20.9390640258789,20.7868118286133
"415","Bezirk Wasseramt",1106,"2026-07-26",19.4218006134033,19.4359645843506
"416","Bezirk Liestal",1303,"2026-07-22",19.3852195739746,19.5713958740234
"417","Bezirk Liestal",1303,"2026-07-23",19.367546081543,19.5882587432861
"418","Bezirk Liestal",1303,"2026-07-24",19.9948482513428,20.0928230285645
"419","Bezirk Liestal",1303,"2026-07-25",23.4455642700195,23.5655193328857
"420","Bezirk Liestal",1303,"2026-07-26",22.4241504669189,22.7559642791748
"421","Bezirk Sissach",1304,"2026-07-22",18.865758895874,18.9101066589355
"422","Bezirk Sissach",1304,"2026-07-23",18.4457988739014,18.4954242706299
"423","Bezirk Sissach",1304,"2026-07-24",19.9048652648926,19.7487449645996
"424","Bezirk Sissach",1304,"2026-07-25",23.1353206634521,23.1039333343506
"425","Bezirk Sissach",1304,"2026-07-26",20.9648189544678,21.1214504241943
"426","Bezirk Waldenburg",1305,"2026-07-22",17.9528713226318,18.1990203857422
"427","Bezirk Waldenburg",1305,"2026-07-23",17.769998550415,18.0353946685791
"428","Bezirk Waldenburg",1305,"2026-07-24",19.0921669006348,19.205322265625
"429","Bezirk Waldenburg",1305,"2026-07-25",22.5641193389893,22.7005939483643
"430","Bezirk Waldenburg",1305,"2026-07-26",20.0857048034668,20.435173034668
"431","Bezirk Arlesheim",1301,"2026-07-22",19.6983604431152,19.7869300842285
"432","Bezirk Arlesheim",1301,"2026-07-23",19.8498477935791,19.9920291900635
"433","Bezirk Arlesheim",1301,"2026-07-24",20.4153594970703,20.4818935394287
"434","Bezirk Arlesheim",1301,"2026-07-25",24.0201053619385,24.0062236785889
"435","Bezirk Arlesheim",1301,"2026-07-26",23.5049571990967,23.6001586914062
"436","Bezirk Laufen",1302,"2026-07-22",18.6633224487305,18.7596492767334
"437","Bezirk Laufen",1302,"2026-07-23",18.6548614501953,18.7911357879639
"438","Bezirk Laufen",1302,"2026-07-24",19.3992252349854,19.44167137146
"439","Bezirk Laufen",1302,"2026-07-25",22.7905502319336,22.8136711120605
"440","Bezirk Laufen",1302,"2026-07-26",21.9563312530518,22.0764350891113
"441","Kanton Appenzell Innerrhoden",1600,"2026-07-22",14.8308038711548,15.6723680496216
"442","Kanton Appenzell Innerrhoden",1600,"2026-07-23",14.7880821228027,15.592978477478
"443","Kanton Appenzell Innerrhoden",1600,"2026-07-24",15.6142749786377,16.3448143005371
"444","Kanton Appenzell Innerrhoden",1600,"2026-07-25",20.598804473877,21.2371006011963
"445","Kanton Appenzell Innerrhoden",1600,"2026-07-26",17.4217357635498,18.2953472137451
"446","Wahlkreis St. Gallen",1721,"2026-07-22",17.4229373931885,17.0850238800049
"447","Wahlkreis St. Gallen",1721,"2026-07-23",17.4594116210938,17.0815715789795
"448","Wahlkreis St. Gallen",1721,"2026-07-24",17.5633354187012,17.146692276001
"449","Wahlkreis St. Gallen",1721,"2026-07-25",21.9265270233154,21.7181491851807
"450","Wahlkreis St. Gallen",1721,"2026-07-26",20.6929035186768,20.3929576873779
"451","Wahlkreis Rorschach",1722,"2026-07-22",18.3922328948975,18.5644283294678
"452","Wahlkreis Rorschach",1722,"2026-07-23",18.4330158233643,18.6107845306396
"453","Wahlkreis Rorschach",1722,"2026-07-24",18.5048942565918,18.6777400970459
"454","Wahlkreis Rorschach",1722,"2026-07-25",22.2390880584717,22.3131294250488
"455","Wahlkreis Rorschach",1722,"2026-07-26",21.8593826293945,22.0989074707031
"456","Wahlkreis Rheintal",1723,"2026-07-22",18.3062515258789,18.5534420013428
"457","Wahlkreis Rheintal",1723,"2026-07-23",18.3726654052734,18.6335716247559
"458","Wahlkreis Rheintal",1723,"2026-07-24",18.5878009796143,18.802059173584
"459","Wahlkreis Rheintal",1723,"2026-07-25",22.8069305419922,22.8374996185303
"460","Wahlkreis Rheintal",1723,"2026-07-26",20.6806716918945,20.926664352417
"461","Wahlkreis Werdenberg",1724,"2026-07-22",15.8301010131836,16.3570861816406
"462","Wahlkreis Werdenberg",1724,"2026-07-23",15.9376735687256,16.4728775024414
"463","Wahlkreis Werdenberg",1724,"2026-07-24",16.803466796875,17.3056182861328
"464","Wahlkreis Werdenberg",1724,"2026-07-25",21.4639072418213,22.0267601013184
"465","Wahlkreis Werdenberg",1724,"2026-07-26",17.7841644287109,18.3579196929932
"466","Wahlkreis Sarganserland",1725,"2026-07-22",12.4009761810303,13.7252216339111
"467","Wahlkreis Sarganserland",1725,"2026-07-23",12.6988468170166,14.0182161331177
"468","Wahlkreis Sarganserland",1725,"2026-07-24",13.7189502716064,14.9153118133545
"469","Wahlkreis Sarganserland",1725,"2026-07-25",17.443883895874,18.7001895904541
"470","Wahlkreis Sarganserland",1725,"2026-07-26",13.9302797317505,15.1584968566895
"471","Wahlkreis See-Gaster",1726,"2026-07-22",17.8057136535645,19.3631134033203
"472","Wahlkreis See-Gaster",1726,"2026-07-23",17.8978614807129,19.5304431915283
"473","Wahlkreis See-Gaster",1726,"2026-07-24",18.7683887481689,20.1952342987061
"474","Wahlkreis See-Gaster",1726,"2026-07-25",22.2491512298584,23.3741626739502
"475","Wahlkreis See-Gaster",1726,"2026-07-26",19.3228130340576,20.8884944915771
"476","Wahlkreis Toggenburg",1727,"2026-07-22",15.7527770996094,16.5249195098877
"477","Wahlkreis Toggenburg",1727,"2026-07-23",15.7467765808105,16.5055332183838
"478","Wahlkreis Toggenburg",1727,"2026-07-24",16.3345279693604,16.9625778198242
"479","Wahlkreis Toggenburg",1727,"2026-07-25",20.7637042999268,21.4231109619141
"480","Wahlkreis Toggenburg",1727,"2026-07-26",17.9401321411133,18.7933197021484
"481","Wahlkreis Wil",1728,"2026-07-22",17.8072071075439,17.8338317871094
"482","Wahlkreis Wil",1728,"2026-07-23",17.9652290344238,17.9792900085449
"483","Wahlkreis Wil",1728,"2026-07-24",17.8778018951416,17.826774597168
"484","Wahlkreis Wil",1728,"2026-07-25",22.2500972747803,22.1564750671387
"485","Wahlkreis Wil",1728,"2026-07-26",21.0605068206787,21.1348285675049
"486","Bezirk Küssnacht (SZ)",504,"2026-07-22",18.9545974731445,18.9573535919189
"487","Bezirk Küssnacht (SZ)",504,"2026-07-23",19.1016750335693,19.1063957214355
"488","Bezirk Küssnacht (SZ)",504,"2026-07-24",20.0469913482666,20.0513286590576
"489","Bezirk Küssnacht (SZ)",504,"2026-07-25",22.9582805633545,22.9551887512207
"490","Bezirk Küssnacht (SZ)",504,"2026-07-26",20.2427291870117,20.2298774719238
"491","Distretto di Blenio",2102,"2026-07-22",12.3279523849487,13.5781421661377
"492","Distretto di Blenio",2102,"2026-07-23",12.35085105896,13.6941566467285
"493","Distretto di Blenio",2102,"2026-07-24",13.3428182601929,14.4490871429443
"494","Distretto di Blenio",2102,"2026-07-25",13.08385181427,14.1034564971924
"495","Distretto di Blenio",2102,"2026-07-26",12.0351428985596,13.1097841262817
"496","District d'Aigle",2221,"2026-07-22",15.4842967987061,17.3265323638916
"497","District d'Aigle",2221,"2026-07-23",16.2009124755859,18.1400737762451
"498","District d'Aigle",2221,"2026-07-24",17.2970371246338,19.0801239013672
"499","District d'Aigle",2221,"2026-07-25",18.5701656341553,20.1565246582031
"500","District d'Aigle",2221,"2026-07-26",14.3584852218628,15.8961668014526
"501","District de la Broye-Vully",2222,"2026-07-22",20.1227245330811,20.1063537597656
"502","District de la Broye-Vully",2222,"2026-07-23",20.7289695739746,20.6908912658691
"503","District de la Broye-Vully",2222,"2026-07-24",21.1678028106689,21.1103687286377
"504","District de la Broye-Vully",2222,"2026-07-25",22.6721954345703,22.6259632110596
"505","District de la Broye-Vully",2222,"2026-07-26",20.7293224334717,20.7709732055664
"506","District du Jura-Nord vaudois",2224,"2026-07-22",18.1225070953369,19.4572639465332
"507","District du Jura-Nord vaudois",2224,"2026-07-23",18.7737827301025,20.0365238189697
"508","District du Jura-Nord vaudois",2224,"2026-07-24",19.607889175415,20.7399272918701
"509","District du Jura-Nord vaudois",2224,"2026-07-25",21.3213062286377,22.0316925048828
"510","District du Jura-Nord vaudois",2224,"2026-07-26",19.0412750244141,20.2837066650391
"511","District de Lavaux-Oron",2226,"2026-07-22",19.9379196166992,20.6257705688477
"512","District de Lavaux-Oron",2226,"2026-07-23",20.6772441864014,21.3977279663086
"513","District de Lavaux-Oron",2226,"2026-07-24",21.3576564788818,22.1209812164307
"514","District de Lavaux-Oron",2226,"2026-07-25",22.5034523010254,22.8787879943848
"515","District de Lavaux-Oron",2226,"2026-07-26",19.6787662506104,19.9497127532959
"516","District du Gros-de-Vaud",2223,"2026-07-22",20.119607925415,20.1912364959717
"517","District du Gros-de-Vaud",2223,"2026-07-23",20.9554252624512,21.0270652770996
"518","District du Gros-de-Vaud",2223,"2026-07-24",21.4749221801758,21.6049213409424
"519","District du Gros-de-Vaud",2223,"2026-07-25",22.5103244781494,22.4961223602295
"520","District du Gros-de-Vaud",2223,"2026-07-26",20.4798564910889,20.2345771789551
"521","District de la Riviera-Pays-d'Enhaut",2230,"2026-07-22",15.6200876235962,19.3104858398438
"522","District de la Riviera-Pays-d'Enhaut",2230,"2026-07-23",16.2546424865723,20.2468547821045
"523","District de la Riviera-Pays-d'Enhaut",2230,"2026-07-24",17.2796249389648,20.8284912109375
"524","District de la Riviera-Pays-d'Enhaut",2230,"2026-07-25",18.9166774749756,21.938835144043
"525","District de la Riviera-Pays-d'Enhaut",2230,"2026-07-26",15.2162837982178,18.4503192901611
"526","District de Nyon",2228,"2026-07-22",19.424955368042,21.5522174835205
"527","District de Nyon",2228,"2026-07-23",19.7945804595947,21.7142696380615
"528","District de Nyon",2228,"2026-07-24",20.9755935668945,22.9409141540527
"529","District de Nyon",2228,"2026-07-25",21.5488567352295,22.9102687835693
"530","District de Nyon",2228,"2026-07-26",19.4245204925537,21.514217376709
"531","District de Morges",2227,"2026-07-22",20.2257270812988,21.4995155334473
"532","District de Morges",2227,"2026-07-23",20.7520084381104,22.0058002471924
"533","District de Morges",2227,"2026-07-24",21.6491718292236,22.8179893493652
"534","District de Morges",2227,"2026-07-25",22.3835430145264,23.0148754119873
"535","District de Morges",2227,"2026-07-26",19.9475803375244,20.938419342041
"536","District de l'Ouest lausannois",2229,"2026-07-22",22.3203678131104,22.5239238739014
"537","District de l'Ouest lausannois",2229,"2026-07-23",22.8615112304688,23.0442523956299
"538","District de l'Ouest lausannois",2229,"2026-07-24",23.4229640960693,23.6081924438477
"539","District de l'Ouest lausannois",2229,"2026-07-25",23.2219200134277,23.3769207000732
"540","District de l'Ouest lausannois",2229,"2026-07-26",21.6162643432617,21.6785144805908
"541","District de Lausanne",2225,"2026-07-22",21.0246448516846,21.1134719848633
"542","District de Lausanne",2225,"2026-07-23",21.8425674438477,21.8998317718506
"543","District de Lausanne",2225,"2026-07-24",22.550500869751,22.6307220458984
"544","District de Lausanne",2225,"2026-07-25",23.0015335083008,23.0431900024414
"545","District de Lausanne",2225,"2026-07-26",20.1491641998291,20.185583114624
"546","Verwaltungskreis Biel/Bienne",242,"2026-07-22",20.2575874328613,20.4071807861328
"547","Verwaltungskreis Biel/Bienne",242,"2026-07-23",20.3625392913818,20.5598735809326
"548","Verwaltungskreis Biel/Bienne",242,"2026-07-24",21.2332324981689,21.3476810455322
"549","Verwaltungskreis Biel/Bienne",242,"2026-07-25",22.556547164917,22.7488822937012
"550","Verwaltungskreis Biel/Bienne",242,"2026-07-26",19.9580345153809,20.0408000946045
"551","Verwaltungskreis Seeland",243,"2026-07-22",20.2043228149414,20.1285190582275
"552","Verwaltungskreis Seeland",243,"2026-07-23",20.3955879211426,20.3255996704102
"553","Verwaltungskreis Seeland",243,"2026-07-24",21.012752532959,20.8932552337646
"554","Verwaltungskreis Seeland",243,"2026-07-25",22.1618137359619,22.1182346343994
"555","Verwaltungskreis Seeland",243,"2026-07-26",20.0439434051514,20.0702476501465
"556","Verwaltungskreis Bern-Mittelland",246,"2026-07-22",18.3507976531982,18.9913883209229
"557","Verwaltungskreis Bern-Mittelland",246,"2026-07-23",18.8690071105957,19.4909000396729
"558","Verwaltungskreis Bern-Mittelland",246,"2026-07-24",19.5684852600098,19.9622783660889
"559","Verwaltungskreis Bern-Mittelland",246,"2026-07-25",21.837064743042,22.0785350799561
"560","Verwaltungskreis Bern-Mittelland",246,"2026-07-26",18.0732765197754,18.7037792205811
"561","Verwaltungskreis Oberaargau",244,"2026-07-22",18.7983570098877,18.9221591949463
"562","Verwaltungskreis Oberaargau",244,"2026-07-23",19.055643081665,19.1441669464111
"563","Verwaltungskreis Oberaargau",244,"2026-07-24",19.6133193969727,19.6073913574219
"564","Verwaltungskreis Oberaargau",244,"2026-07-25",21.6761798858643,21.5011043548584
"565","Verwaltungskreis Oberaargau",244,"2026-07-26",19.4287528991699,19.5561332702637
"566","Verwaltungskreis Emmental",245,"2026-07-22",17.4027881622314,18.0773181915283
"567","Verwaltungskreis Emmental",245,"2026-07-23",17.6665229797363,18.356803894043
"568","Verwaltungskreis Emmental",245,"2026-07-24",18.5375442504883,19.1398887634277
"569","Verwaltungskreis Emmental",245,"2026-07-25",21.1488151550293,21.4823246002197
"570","Verwaltungskreis Emmental",245,"2026-07-26",17.4765472412109,18.2501106262207
"571","Arrondissement administratif Jura bernois",241,"2026-07-22",16.290168762207,16.7300834655762
"572","Arrondissement administratif Jura bernois",241,"2026-07-23",16.3261604309082,16.8121910095215
"573","Arrondissement administratif Jura bernois",241,"2026-07-24",17.6547508239746,18.0480537414551
"574","Arrondissement administratif Jura bernois",241,"2026-07-25",20.6619319915771,20.880651473999
"575","Arrondissement administratif Jura bernois",241,"2026-07-26",17.9163780212402,18.0725994110107
"576","Verwaltungskreis Frutigen-Niedersimmental",249,"2026-07-22",12.2127618789673,14.6087369918823
"577","Verwaltungskreis Frutigen-Niedersimmental",249,"2026-07-23",12.666187286377,15.144458770752
"578","Verwaltungskreis Frutigen-Niedersimmental",249,"2026-07-24",14.0774278640747,16.2054977416992
"579","Verwaltungskreis Frutigen-Niedersimmental",249,"2026-07-25",16.6556243896484,18.8747329711914
"580","Verwaltungskreis Frutigen-Niedersimmental",249,"2026-07-26",12.5814409255981,14.9165153503418
"581","Verwaltungskreis Interlaken-Oberhasli",250,"2026-07-22",10.5554866790771,14.8067865371704
"582","Verwaltungskreis Interlaken-Oberhasli",250,"2026-07-23",10.5857381820679,15.1231126785278
"583","Verwaltungskreis Interlaken-Oberhasli",250,"2026-07-24",12.4888143539429,16.4706058502197
"584","Verwaltungskreis Interlaken-Oberhasli",250,"2026-07-25",14.8688516616821,18.9838924407959
"585","Verwaltungskreis Interlaken-Oberhasli",250,"2026-07-26",10.9776573181152,14.9716682434082
"586","Verwaltungskreis Obersimmental-Saanen",248,"2026-07-22",12.4591016769409,12.720796585083
"587","Verwaltungskreis Obersimmental-Saanen",248,"2026-07-23",12.8833875656128,13.1392335891724
"588","Verwaltungskreis Obersimmental-Saanen",248,"2026-07-24",14.2132158279419,14.4278974533081
"589","Verwaltungskreis Obersimmental-Saanen",248,"2026-07-25",16.2107486724854,16.3748092651367
"590","Verwaltungskreis Obersimmental-Saanen",248,"2026-07-26",12.3069438934326,12.5577812194824
"591","Verwaltungskreis Thun",247,"2026-07-22",17.0426445007324,18.5330715179443
"592","Verwaltungskreis Thun",247,"2026-07-23",17.4904346466064,18.9880485534668
"593","Verwaltungskreis Thun",247,"2026-07-24",18.428165435791,19.7131328582764
"594","Verwaltungskreis Thun",247,"2026-07-25",21.2049751281738,22.1699256896973
"595","Verwaltungskreis Thun",247,"2026-07-26",16.9882678985596,18.3668651580811
"596","Bezirk Kreuzlingen",2013,"2026-07-22",19.0102291107178,19.0649375915527
"597","Bezirk Kreuzlingen",2013,"2026-07-23",18.9628944396973,19.0760116577148
"598","Bezirk Kreuzlingen",2013,"2026-07-24",19.352367401123,19.4124584197998
"599","Bezirk Kreuzlingen",2013,"2026-07-25",22.6972427368164,22.6214485168457
"600","Bezirk Kreuzlingen",2013,"2026-07-26",22.0123348236084,22.1870365142822
"601","Bezirk Frauenfeld",2012,"2026-07-22",18.8473472595215,18.8077068328857
"602","Bezirk Frauenfeld",2012,"2026-07-23",18.7605152130127,18.7426662445068
"603","Bezirk Frauenfeld",2012,"2026-07-24",19.0059337615967,18.907320022583
"604","Bezirk Frauenfeld",2012,"2026-07-25",22.6058101654053,22.4942321777344
"605","Bezirk Frauenfeld",2012,"2026-07-26",21.4438362121582,21.5892200469971
"606","Bezirk Arbon",2011,"2026-07-22",18.7851314544678,18.7929878234863
"607","Bezirk Arbon",2011,"2026-07-23",19.0891437530518,19.1431713104248
"608","Bezirk Arbon",2011,"2026-07-24",19.1338863372803,19.0828914642334
"609","Bezirk Arbon",2011,"2026-07-25",21.9459438323975,21.8349380493164
"610","Bezirk Arbon",2011,"2026-07-26",22.380880355835,22.4245319366455
"611","Bezirk Münchwilen",2014,"2026-07-22",18.2425270080566,18.3109970092773
"612","Bezirk Münchwilen",2014,"2026-07-23",18.168399810791,18.2890186309814
"613","Bezirk Münchwilen",2014,"2026-07-24",18.3815231323242,18.3856925964355
"614","Bezirk Münchwilen",2014,"2026-07-25",22.6509246826172,22.5705337524414
"615","Bezirk Münchwilen",2014,"2026-07-26",21.162181854248,21.3728523254395
"616","Bezirk Weinfelden",2015,"2026-07-22",18.4932479858398,18.4670104980469
"617","Bezirk Weinfelden",2015,"2026-07-23",18.5756950378418,18.5676021575928
"618","Bezirk Weinfelden",2015,"2026-07-24",18.7210636138916,18.6620178222656
"619","Bezirk Weinfelden",2015,"2026-07-25",22.3505115509033,22.2578544616699
"620","Bezirk Weinfelden",2015,"2026-07-26",21.7776165008545,21.8184642791748
"621","Kanton Glarus",800,"2026-07-22",11.8166637420654,13.1756858825684
"622","Kanton Glarus",800,"2026-07-23",12.0155782699585,13.3630275726318
"623","Kanton Glarus",800,"2026-07-24",13.3570928573608,14.5923185348511
"624","Kanton Glarus",800,"2026-07-25",16.959041595459,18.3699550628662
"625","Kanton Glarus",800,"2026-07-26",13.4928646087646,14.925048828125
"626","Wahlkreis Entlebuch",316,"2026-07-22",15.129602432251,15.7424278259277
"627","Wahlkreis Entlebuch",316,"2026-07-23",15.43932056427,16.0466480255127
"628","Wahlkreis Entlebuch",316,"2026-07-24",16.2658100128174,16.8050155639648
"629","Wahlkreis Entlebuch",316,"2026-07-25",19.8900718688965,20.507303237915
"630","Wahlkreis Entlebuch",316,"2026-07-26",15.7464408874512,16.4627456665039
"631","Wahlkreis Sursee",314,"2026-07-22",18.8079738616943,18.9807891845703
"632","Wahlkreis Sursee",314,"2026-07-23",19.092794418335,19.2499446868896
"633","Wahlkreis Sursee",314,"2026-07-24",19.915922164917,20.111047744751
"634","Wahlkreis Sursee",314,"2026-07-25",22.5048599243164,22.5811538696289
"635","Wahlkreis Sursee",314,"2026-07-26",20.0701293945312,20.25124168396
"636","Wahlkreis Willisau",315,"2026-07-22",18.2137584686279,18.5031471252441
"637","Wahlkreis Willisau",315,"2026-07-23",18.5853404998779,18.8289489746094
"638","Wahlkreis Willisau",315,"2026-07-24",19.1594886779785,19.3883876800537
"639","Wahlkreis Willisau",315,"2026-07-25",21.9158172607422,21.9485511779785
"640","Wahlkreis Willisau",315,"2026-07-26",19.5284652709961,19.9621868133545
"641","Wahlkreis Luzern-Land",312,"2026-07-22",18.0275020599365,18.7303485870361
"642","Wahlkreis Luzern-Land",312,"2026-07-23",18.2486572265625,18.8995819091797
"643","Wahlkreis Luzern-Land",312,"2026-07-24",19.0237197875977,19.6339912414551
"644","Wahlkreis Luzern-Land",312,"2026-07-25",22.3110065460205,22.6588859558105
"645","Wahlkreis Luzern-Land",312,"2026-07-26",19.1843204498291,19.9501361846924
"646","Wahlkreis Hochdorf",313,"2026-07-22",19.2896766662598,19.1557865142822
"647","Wahlkreis Hochdorf",313,"2026-07-23",19.4463157653809,19.3155002593994
"648","Wahlkreis Hochdorf",313,"2026-07-24",20.3587188720703,20.2087917327881
"649","Wahlkreis Hochdorf",313,"2026-07-25",22.9582099914551,22.7825527191162
"650","Wahlkreis Hochdorf",313,"2026-07-26",20.5041542053223,20.5993614196777
"651","Wahlkreis Luzern-Stadt",311,"2026-07-22",19.230598449707,19.1726226806641
"652","Wahlkreis Luzern-Stadt",311,"2026-07-23",19.3454322814941,19.2732563018799
"653","Wahlkreis Luzern-Stadt",311,"2026-07-24",20.0724391937256,19.9969215393066
"654","Wahlkreis Luzern-Stadt",311,"2026-07-25",22.8476753234863,22.7733478546143
"655","Wahlkreis Luzern-Stadt",311,"2026-07-26",20.584867477417,20.5682144165039
"656","Region Moesa",1847,"2026-07-22",12.8091459274292,14.5210018157959
"657","Region Moesa",1847,"2026-07-23",13.2454414367676,15.0693645477295
"658","Region Moesa",1847,"2026-07-24",13.5804128646851,15.1837472915649
"659","Region Moesa",1847,"2026-07-25",13.7412366867065,15.2064447402954
"660","Region Moesa",1847,"2026-07-26",12.6575374603271,14.2436580657959
"661","Region Albula",1841,"2026-07-22",8.7332010269165,9.97437858581543
"662","Region Albula",1841,"2026-07-23",8.89296817779541,10.1862335205078
"663","Region Albula",1841,"2026-07-24",10.1760559082031,11.3774824142456
"664","Region Albula",1841,"2026-07-25",13.4054279327393,14.6132717132568
"665","Region Albula",1841,"2026-07-26",9.81379508972168,10.9857978820801
"666","Region Bernina",1842,"2026-07-22",10.6159620285034,11.1069421768188
"667","Region Bernina",1842,"2026-07-23",10.7426023483276,11.2795162200928
"668","Region Bernina",1842,"2026-07-24",11.6422452926636,12.0977268218994
"669","Region Bernina",1842,"2026-07-25",12.5195417404175,12.9122362136841
"670","Region Bernina",1842,"2026-07-26",10.4885110855103,10.9174404144287
"671","Region Surselva",1850,"2026-07-22",9.78137111663818,11.4369668960571
"672","Region Surselva",1850,"2026-07-23",10.0571165084839,11.7799825668335
"673","Region Surselva",1850,"2026-07-24",11.2206687927246,12.7697086334229
"674","Region Surselva",1850,"2026-07-25",13.5976400375366,15.1185636520386
"675","Region Surselva",1850,"2026-07-26",10.733699798584,12.1999311447144
"676","Region Viamala",1851,"2026-07-22",9.90895175933838,13.9979286193848
"677","Region Viamala",1851,"2026-07-23",10.0912084579468,14.1917867660522
"678","Region Viamala",1851,"2026-07-24",11.264889717102,15.1528100967407
"679","Region Viamala",1851,"2026-07-25",13.873875617981,17.9300746917725
"680","Region Viamala",1851,"2026-07-26",10.743483543396,14.3217878341675
"681","Region Imboden",1844,"2026-07-22",12.4144258499146,14.5068063735962
"682","Region Imboden",1844,"2026-07-23",12.7436809539795,14.7359094619751
"683","Region Imboden",1844,"2026-07-24",13.7442398071289,15.6344394683838
"684","Region Imboden",1844,"2026-07-25",16.6819477081299,18.6888160705566
"685","Region Imboden",1844,"2026-07-26",13.0649719238281,14.9296636581421
"686","Region Engiadina Bassa / Val Müstair",1843,"2026-07-22",8.18468284606934,8.19564723968506
"687","Region Engiadina Bassa / Val Müstair",1843,"2026-07-23",8.10296440124512,8.12047100067139
"688","Region Engiadina Bassa / Val Müstair",1843,"2026-07-24",9.60324764251709,9.57620811462402
"689","Region Engiadina Bassa / Val Müstair",1843,"2026-07-25",12.7021541595459,12.6904716491699
"690","Region Engiadina Bassa / Val Müstair",1843,"2026-07-26",9.10482406616211,9.12937259674072
"691","Region Maloja",1846,"2026-07-22",7.51288938522339,7.66979455947876
"692","Region Maloja",1846,"2026-07-23",7.39064645767212,7.5444483757019
"693","Region Maloja",1846,"2026-07-24",8.90427875518799,9.09877872467041
"694","Region Maloja",1846,"2026-07-25",11.111231803894,11.502402305603
"695","Region Maloja",1846,"2026-07-26",8.31964683532715,8.49958324432373
"696","Region Prättigau / Davos",1849,"2026-07-22",9.4623613357544,10.0027914047241
"697","Region Prättigau / Davos",1849,"2026-07-23",9.69058990478516,10.2541484832764
"698","Region Prättigau / Davos",1849,"2026-07-24",10.9791803359985,11.4735317230225
"699","Region Prättigau / Davos",1849,"2026-07-25",14.2772436141968,14.7680063247681
"700","Region Prättigau / Davos",1849,"2026-07-26",10.788800239563,11.2699117660522
"701","Region Landquart",1845,"2026-07-22",14.7362661361694,15.9606161117554
"702","Region Landquart",1845,"2026-07-23",14.8819017410278,16.061803817749
"703","Region Landquart",1845,"2026-07-24",15.7980108261108,16.9178066253662
"704","Region Landquart",1845,"2026-07-25",19.41086769104,20.4867515563965
"705","Region Landquart",1845,"2026-07-26",15.7331552505493,16.8123168945312
"706","Region Plessur",1848,"2026-07-22",10.8633823394775,14.9893226623535
"707","Region Plessur",1848,"2026-07-23",11.0689029693604,15.0488538742065
"708","Region Plessur",1848,"2026-07-24",12.2593898773193,16.1692924499512
"709","Region Plessur",1848,"2026-07-25",15.660774230957,19.7776184082031
"710","Region Plessur",1848,"2026-07-26",12.0678100585938,15.7987642288208
"711","Canton de Neuchâtel",2400,"2026-07-22",17.1223564147949,18.14914894104
"712","Canton de Neuchâtel",2400,"2026-07-23",17.3990936279297,18.3939933776855
"713","Canton de Neuchâtel",2400,"2026-07-24",18.732027053833,19.6082744598389
"714","Canton de Neuchâtel",2400,"2026-07-25",21.1494121551514,21.6555213928223
"715","Canton de Neuchâtel",2400,"2026-07-26",18.394983291626,19.0729942321777
"716","District de Moutier",2604,"2026-07-22",16.4874000549316,16.5638465881348
"717","District de Moutier",2604,"2026-07-23",16.4639110565186,16.5626411437988
"718","District de Moutier",2604,"2026-07-24",17.5595245361328,17.614673614502
"719","District de Moutier",2604,"2026-07-25",20.8894081115723,20.9188404083252
"720","District de Moutier",2604,"2026-07-26",18.9243507385254,19.0124225616455
