"BEZNAME","BEZNR","time","warning_level"
"Bezirk Affoltern",101,"2026-07-22","0"
"Bezirk Affoltern",101,"2026-07-23","0"
"Bezirk Affoltern",101,"2026-07-24","0"
"Bezirk Affoltern",101,"2026-07-25","1"
"Bezirk Affoltern",101,"2026-07-26","0"
"Bezirk Andelfingen",102,"2026-07-22","0"
"Bezirk Andelfingen",102,"2026-07-23","0"
"Bezirk Andelfingen",102,"2026-07-24","0"
"Bezirk Andelfingen",102,"2026-07-25","1"
"Bezirk Andelfingen",102,"2026-07-26","0"
"Bezirk Bülach",103,"2026-07-22","0"
"Bezirk Bülach",103,"2026-07-23","0"
"Bezirk Bülach",103,"2026-07-24","0"
"Bezirk Bülach",103,"2026-07-25","1"
"Bezirk Bülach",103,"2026-07-26","1"
"Bezirk Dielsdorf",104,"2026-07-22","0"
"Bezirk Dielsdorf",104,"2026-07-23","0"
"Bezirk Dielsdorf",104,"2026-07-24","0"
"Bezirk Dielsdorf",104,"2026-07-25","0"
"Bezirk Dielsdorf",104,"2026-07-26","0"
"Bezirk Hinwil",105,"2026-07-22","0"
"Bezirk Hinwil",105,"2026-07-23","0"
"Bezirk Hinwil",105,"2026-07-24","0"
"Bezirk Hinwil",105,"2026-07-25","1"
"Bezirk Hinwil",105,"2026-07-26","0"
"Bezirk Horgen",106,"2026-07-22","0"
"Bezirk Horgen",106,"2026-07-23","0"
"Bezirk Horgen",106,"2026-07-24","0"
"Bezirk Horgen",106,"2026-07-25","1"
"Bezirk Horgen",106,"2026-07-26","0"
"Bezirk Meilen",107,"2026-07-22","0"
"Bezirk Meilen",107,"2026-07-23","0"
"Bezirk Meilen",107,"2026-07-24","0"
"Bezirk Meilen",107,"2026-07-25","1"
"Bezirk Meilen",107,"2026-07-26","0"
"Bezirk Pfäffikon",108,"2026-07-22","0"
"Bezirk Pfäffikon",108,"2026-07-23","0"
"Bezirk Pfäffikon",108,"2026-07-24","0"
"Bezirk Pfäffikon",108,"2026-07-25","1"
"Bezirk Pfäffikon",108,"2026-07-26","0"
"Bezirk Uster",109,"2026-07-22","0"
"Bezirk Uster",109,"2026-07-23","0"
"Bezirk Uster",109,"2026-07-24","0"
"Bezirk Uster",109,"2026-07-25","0"
"Bezirk Uster",109,"2026-07-26","0"
"Bezirk Winterthur",110,"2026-07-22","0"
"Bezirk Winterthur",110,"2026-07-23","0"
"Bezirk Winterthur",110,"2026-07-24","0"
"Bezirk Winterthur",110,"2026-07-25","0"
"Bezirk Winterthur",110,"2026-07-26","0"
"Bezirk Dietikon",111,"2026-07-22","0"
"Bezirk Dietikon",111,"2026-07-23","0"
"Bezirk Dietikon",111,"2026-07-24","0"
"Bezirk Dietikon",111,"2026-07-25","0"
"Bezirk Dietikon",111,"2026-07-26","0"
"Bezirk Zürich",112,"2026-07-22","0"
"Bezirk Zürich",112,"2026-07-23","0"
"Bezirk Zürich",112,"2026-07-24","0"
"Bezirk Zürich",112,"2026-07-25","1"
"Bezirk Zürich",112,"2026-07-26","0"
"Arrondissement administratif Jura bernois",241,"2026-07-22","0"
"Arrondissement administratif Jura bernois",241,"2026-07-23","0"
"Arrondissement administratif Jura bernois",241,"2026-07-24","0"
"Arrondissement administratif Jura bernois",241,"2026-07-25","1"
"Arrondissement administratif Jura bernois",241,"2026-07-26","0"
"Verwaltungskreis Biel/Bienne",242,"2026-07-22","0"
"Verwaltungskreis Biel/Bienne",242,"2026-07-23","0"
"Verwaltungskreis Biel/Bienne",242,"2026-07-24","0"
"Verwaltungskreis Biel/Bienne",242,"2026-07-25","0"
"Verwaltungskreis Biel/Bienne",242,"2026-07-26","0"
"Verwaltungskreis Seeland",243,"2026-07-22","0"
"Verwaltungskreis Seeland",243,"2026-07-23","0"
"Verwaltungskreis Seeland",243,"2026-07-24","0"
"Verwaltungskreis Seeland",243,"2026-07-25","1"
"Verwaltungskreis Seeland",243,"2026-07-26","0"
"Verwaltungskreis Oberaargau",244,"2026-07-22","0"
"Verwaltungskreis Oberaargau",244,"2026-07-23","0"
"Verwaltungskreis Oberaargau",244,"2026-07-24","0"
"Verwaltungskreis Oberaargau",244,"2026-07-25","1"
"Verwaltungskreis Oberaargau",244,"2026-07-26","0"
"Verwaltungskreis Emmental",245,"2026-07-22","0"
"Verwaltungskreis Emmental",245,"2026-07-23","0"
"Verwaltungskreis Emmental",245,"2026-07-24","0"
"Verwaltungskreis Emmental",245,"2026-07-25","1"
"Verwaltungskreis Emmental",245,"2026-07-26","0"
"Verwaltungskreis Bern-Mittelland",246,"2026-07-22","0"
"Verwaltungskreis Bern-Mittelland",246,"2026-07-23","0"
"Verwaltungskreis Bern-Mittelland",246,"2026-07-24","0"
"Verwaltungskreis Bern-Mittelland",246,"2026-07-25","1"
"Verwaltungskreis Bern-Mittelland",246,"2026-07-26","0"
"Verwaltungskreis Thun",247,"2026-07-22","0"
"Verwaltungskreis Thun",247,"2026-07-23","0"
"Verwaltungskreis Thun",247,"2026-07-24","0"
"Verwaltungskreis Thun",247,"2026-07-25","1"
"Verwaltungskreis Thun",247,"2026-07-26","0"
"Verwaltungskreis Obersimmental-Saanen",248,"2026-07-22","0"
"Verwaltungskreis Obersimmental-Saanen",248,"2026-07-23","0"
"Verwaltungskreis Obersimmental-Saanen",248,"2026-07-24","0"
"Verwaltungskreis Obersimmental-Saanen",248,"2026-07-25","0"
"Verwaltungskreis Obersimmental-Saanen",248,"2026-07-26","0"
"Verwaltungskreis Frutigen-Niedersimmental",249,"2026-07-22","0"
"Verwaltungskreis Frutigen-Niedersimmental",249,"2026-07-23","0"
"Verwaltungskreis Frutigen-Niedersimmental",249,"2026-07-24","0"
"Verwaltungskreis Frutigen-Niedersimmental",249,"2026-07-25","0"
"Verwaltungskreis Frutigen-Niedersimmental",249,"2026-07-26","0"
"Verwaltungskreis Interlaken-Oberhasli",250,"2026-07-22","0"
"Verwaltungskreis Interlaken-Oberhasli",250,"2026-07-23","0"
"Verwaltungskreis Interlaken-Oberhasli",250,"2026-07-24","0"
"Verwaltungskreis Interlaken-Oberhasli",250,"2026-07-25","2"
"Verwaltungskreis Interlaken-Oberhasli",250,"2026-07-26","0"
"Wahlkreis Luzern-Stadt",311,"2026-07-22","0"
"Wahlkreis Luzern-Stadt",311,"2026-07-23","0"
"Wahlkreis Luzern-Stadt",311,"2026-07-24","0"
"Wahlkreis Luzern-Stadt",311,"2026-07-25","0"
"Wahlkreis Luzern-Stadt",311,"2026-07-26","0"
"Wahlkreis Luzern-Land",312,"2026-07-22","0"
"Wahlkreis Luzern-Land",312,"2026-07-23","0"
"Wahlkreis Luzern-Land",312,"2026-07-24","0"
"Wahlkreis Luzern-Land",312,"2026-07-25","1"
"Wahlkreis Luzern-Land",312,"2026-07-26","0"
"Wahlkreis Hochdorf",313,"2026-07-22","0"
"Wahlkreis Hochdorf",313,"2026-07-23","0"
"Wahlkreis Hochdorf",313,"2026-07-24","0"
"Wahlkreis Hochdorf",313,"2026-07-25","0"
"Wahlkreis Hochdorf",313,"2026-07-26","0"
"Wahlkreis Sursee",314,"2026-07-22","0"
"Wahlkreis Sursee",314,"2026-07-23","0"
"Wahlkreis Sursee",314,"2026-07-24","0"
"Wahlkreis Sursee",314,"2026-07-25","1"
"Wahlkreis Sursee",314,"2026-07-26","0"
"Wahlkreis Willisau",315,"2026-07-22","0"
"Wahlkreis Willisau",315,"2026-07-23","0"
"Wahlkreis Willisau",315,"2026-07-24","0"
"Wahlkreis Willisau",315,"2026-07-25","1"
"Wahlkreis Willisau",315,"2026-07-26","0"
"Wahlkreis Entlebuch",316,"2026-07-22","0"
"Wahlkreis Entlebuch",316,"2026-07-23","0"
"Wahlkreis Entlebuch",316,"2026-07-24","0"
"Wahlkreis Entlebuch",316,"2026-07-25","0"
"Wahlkreis Entlebuch",316,"2026-07-26","0"
"Kanton Uri",400,"2026-07-22","0"
"Kanton Uri",400,"2026-07-23","0"
"Kanton Uri",400,"2026-07-24","0"
"Kanton Uri",400,"2026-07-25","0"
"Kanton Uri",400,"2026-07-26","0"
"Bezirk Einsiedeln",501,"2026-07-22","1"
"Bezirk Einsiedeln",501,"2026-07-23","1"
"Bezirk Einsiedeln",501,"2026-07-24","2"
"Bezirk Einsiedeln",501,"2026-07-25","3"
"Bezirk Einsiedeln",501,"2026-07-26","2"
"Bezirk Gersau",502,"2026-07-22","1"
"Bezirk Gersau",502,"2026-07-23","1"
"Bezirk Gersau",502,"2026-07-24","2"
"Bezirk Gersau",502,"2026-07-25","2"
"Bezirk Gersau",502,"2026-07-26","1"
"Bezirk Höfe",503,"2026-07-22","0"
"Bezirk Höfe",503,"2026-07-23","0"
"Bezirk Höfe",503,"2026-07-24","0"
"Bezirk Höfe",503,"2026-07-25","2"
"Bezirk Höfe",503,"2026-07-26","1"
"Bezirk Küssnacht (SZ)",504,"2026-07-22","0"
"Bezirk Küssnacht (SZ)",504,"2026-07-23","0"
"Bezirk Küssnacht (SZ)",504,"2026-07-24","1"
"Bezirk Küssnacht (SZ)",504,"2026-07-25","2"
"Bezirk Küssnacht (SZ)",504,"2026-07-26","1"
"Bezirk March",505,"2026-07-22","0"
"Bezirk March",505,"2026-07-23","0"
"Bezirk March",505,"2026-07-24","0"
"Bezirk March",505,"2026-07-25","2"
"Bezirk March",505,"2026-07-26","0"
"Bezirk Schwyz",506,"2026-07-22","0"
"Bezirk Schwyz",506,"2026-07-23","0"
"Bezirk Schwyz",506,"2026-07-24","0"
"Bezirk Schwyz",506,"2026-07-25","2"
"Bezirk Schwyz",506,"2026-07-26","0"
"Kanton Obwalden",600,"2026-07-22","0"
"Kanton Obwalden",600,"2026-07-23","0"
"Kanton Obwalden",600,"2026-07-24","0"
"Kanton Obwalden",600,"2026-07-25","2"
"Kanton Obwalden",600,"2026-07-26","0"
"Kanton Nidwalden",700,"2026-07-22","0"
"Kanton Nidwalden",700,"2026-07-23","0"
"Kanton Nidwalden",700,"2026-07-24","0"
"Kanton Nidwalden",700,"2026-07-25","1"
"Kanton Nidwalden",700,"2026-07-26","0"
"Kanton Glarus",800,"2026-07-22","0"
"Kanton Glarus",800,"2026-07-23","0"
"Kanton Glarus",800,"2026-07-24","1"
"Kanton Glarus",800,"2026-07-25","2"
"Kanton Glarus",800,"2026-07-26","1"
"Kanton Zug",900,"2026-07-22","0"
"Kanton Zug",900,"2026-07-23","0"
"Kanton Zug",900,"2026-07-24","0"
"Kanton Zug",900,"2026-07-25","2"
"Kanton Zug",900,"2026-07-26","0"
"District de la Broye",1001,"2026-07-22","0"
"District de la Broye",1001,"2026-07-23","0"
"District de la Broye",1001,"2026-07-24","1"
"District de la Broye",1001,"2026-07-25","2"
"District de la Broye",1001,"2026-07-26","1"
"District de la Glâne",1002,"2026-07-22","0"
"District de la Glâne",1002,"2026-07-23","0"
"District de la Glâne",1002,"2026-07-24","0"
"District de la Glâne",1002,"2026-07-25","2"
"District de la Glâne",1002,"2026-07-26","0"
"District de la Gruyère",1003,"2026-07-22","0"
"District de la Gruyère",1003,"2026-07-23","0"
"District de la Gruyère",1003,"2026-07-24","0"
"District de la Gruyère",1003,"2026-07-25","1"
"District de la Gruyère",1003,"2026-07-26","0"
"District de la Sarine",1004,"2026-07-22","0"
"District de la Sarine",1004,"2026-07-23","0"
"District de la Sarine",1004,"2026-07-24","0"
"District de la Sarine",1004,"2026-07-25","1"
"District de la Sarine",1004,"2026-07-26","0"
"Bezirk See / District du Lac",1005,"2026-07-22","0"
"Bezirk See / District du Lac",1005,"2026-07-23","0"
"Bezirk See / District du Lac",1005,"2026-07-24","0"
"Bezirk See / District du Lac",1005,"2026-07-25","1"
"Bezirk See / District du Lac",1005,"2026-07-26","0"
"Bezirk Sense",1006,"2026-07-22","0"
"Bezirk Sense",1006,"2026-07-23","0"
"Bezirk Sense",1006,"2026-07-24","0"
"Bezirk Sense",1006,"2026-07-25","1"
"Bezirk Sense",1006,"2026-07-26","0"
"District de la Veveyse",1007,"2026-07-22","0"
"District de la Veveyse",1007,"2026-07-23","0"
"District de la Veveyse",1007,"2026-07-24","0"
"District de la Veveyse",1007,"2026-07-25","1"
"District de la Veveyse",1007,"2026-07-26","0"
"Bezirk Gäu",1101,"2026-07-22","0"
"Bezirk Gäu",1101,"2026-07-23","0"
"Bezirk Gäu",1101,"2026-07-24","1"
"Bezirk Gäu",1101,"2026-07-25","2"
"Bezirk Gäu",1101,"2026-07-26","0"
"Bezirk Thal",1102,"2026-07-22","0"
"Bezirk Thal",1102,"2026-07-23","0"
"Bezirk Thal",1102,"2026-07-24","0"
"Bezirk Thal",1102,"2026-07-25","2"
"Bezirk Thal",1102,"2026-07-26","0"
"Bezirk Bucheggberg",1103,"2026-07-22","0"
"Bezirk Bucheggberg",1103,"2026-07-23","1"
"Bezirk Bucheggberg",1103,"2026-07-24","1"
"Bezirk Bucheggberg",1103,"2026-07-25","2"
"Bezirk Bucheggberg",1103,"2026-07-26","0"
"Bezirk Dorneck",1104,"2026-07-22","0"
"Bezirk Dorneck",1104,"2026-07-23","0"
"Bezirk Dorneck",1104,"2026-07-24","0"
"Bezirk Dorneck",1104,"2026-07-25","2"
"Bezirk Dorneck",1104,"2026-07-26","1"
"Bezirk Gösgen",1105,"2026-07-22","0"
"Bezirk Gösgen",1105,"2026-07-23","0"
"Bezirk Gösgen",1105,"2026-07-24","0"
"Bezirk Gösgen",1105,"2026-07-25","0"
"Bezirk Gösgen",1105,"2026-07-26","0"
"Bezirk Wasseramt",1106,"2026-07-22","0"
"Bezirk Wasseramt",1106,"2026-07-23","0"
"Bezirk Wasseramt",1106,"2026-07-24","0"
"Bezirk Wasseramt",1106,"2026-07-25","1"
"Bezirk Wasseramt",1106,"2026-07-26","0"
"Bezirk Lebern",1107,"2026-07-22","0"
"Bezirk Lebern",1107,"2026-07-23","0"
"Bezirk Lebern",1107,"2026-07-24","0"
"Bezirk Lebern",1107,"2026-07-25","2"
"Bezirk Lebern",1107,"2026-07-26","0"
"Bezirk Olten",1108,"2026-07-22","0"
"Bezirk Olten",1108,"2026-07-23","0"
"Bezirk Olten",1108,"2026-07-24","0"
"Bezirk Olten",1108,"2026-07-25","1"
"Bezirk Olten",1108,"2026-07-26","0"
"Bezirk Solothurn",1109,"2026-07-22","0"
"Bezirk Solothurn",1109,"2026-07-23","0"
"Bezirk Solothurn",1109,"2026-07-24","1"
"Bezirk Solothurn",1109,"2026-07-25","2"
"Bezirk Solothurn",1109,"2026-07-26","0"
"Bezirk Thierstein",1110,"2026-07-22","0"
"Bezirk Thierstein",1110,"2026-07-23","0"
"Bezirk Thierstein",1110,"2026-07-24","0"
"Bezirk Thierstein",1110,"2026-07-25","2"
"Bezirk Thierstein",1110,"2026-07-26","1"
"Kanton Basel-Stadt",1200,"2026-07-22","0"
"Kanton Basel-Stadt",1200,"2026-07-23","0"
"Kanton Basel-Stadt",1200,"2026-07-24","0"
"Kanton Basel-Stadt",1200,"2026-07-25","2"
"Kanton Basel-Stadt",1200,"2026-07-26","1"
"Bezirk Arlesheim",1301,"2026-07-22","0"
"Bezirk Arlesheim",1301,"2026-07-23","0"
"Bezirk Arlesheim",1301,"2026-07-24","0"
"Bezirk Arlesheim",1301,"2026-07-25","1"
"Bezirk Arlesheim",1301,"2026-07-26","0"
"Bezirk Laufen",1302,"2026-07-22","0"
"Bezirk Laufen",1302,"2026-07-23","0"
"Bezirk Laufen",1302,"2026-07-24","0"
"Bezirk Laufen",1302,"2026-07-25","0"
"Bezirk Laufen",1302,"2026-07-26","0"
"Bezirk Liestal",1303,"2026-07-22","0"
"Bezirk Liestal",1303,"2026-07-23","0"
"Bezirk Liestal",1303,"2026-07-24","0"
"Bezirk Liestal",1303,"2026-07-25","0"
"Bezirk Liestal",1303,"2026-07-26","0"
"Bezirk Sissach",1304,"2026-07-22","0"
"Bezirk Sissach",1304,"2026-07-23","0"
"Bezirk Sissach",1304,"2026-07-24","0"
"Bezirk Sissach",1304,"2026-07-25","0"
"Bezirk Sissach",1304,"2026-07-26","0"
"Bezirk Waldenburg",1305,"2026-07-22","0"
"Bezirk Waldenburg",1305,"2026-07-23","0"
"Bezirk Waldenburg",1305,"2026-07-24","0"
"Bezirk Waldenburg",1305,"2026-07-25","0"
"Bezirk Waldenburg",1305,"2026-07-26","0"
"Bezirk Oberklettgau",1401,"2026-07-22","0"
"Bezirk Oberklettgau",1401,"2026-07-23","0"
"Bezirk Oberklettgau",1401,"2026-07-24","0"
"Bezirk Oberklettgau",1401,"2026-07-25","2"
"Bezirk Oberklettgau",1401,"2026-07-26","1"
"Bezirk Reiat",1402,"2026-07-22","0"
"Bezirk Reiat",1402,"2026-07-23","0"
"Bezirk Reiat",1402,"2026-07-24","0"
"Bezirk Reiat",1402,"2026-07-25","2"
"Bezirk Reiat",1402,"2026-07-26","0"
"Bezirk Schaffhausen",1403,"2026-07-22","0"
"Bezirk Schaffhausen",1403,"2026-07-23","0"
"Bezirk Schaffhausen",1403,"2026-07-24","0"
"Bezirk Schaffhausen",1403,"2026-07-25","1"
"Bezirk Schaffhausen",1403,"2026-07-26","0"
"Bezirk Schleitheim",1404,"2026-07-22","0"
"Bezirk Schleitheim",1404,"2026-07-23","0"
"Bezirk Schleitheim",1404,"2026-07-24","0"
"Bezirk Schleitheim",1404,"2026-07-25","2"
"Bezirk Schleitheim",1404,"2026-07-26","0"
"Bezirk Stein",1405,"2026-07-22","0"
"Bezirk Stein",1405,"2026-07-23","0"
"Bezirk Stein",1405,"2026-07-24","0"
"Bezirk Stein",1405,"2026-07-25","2"
"Bezirk Stein",1405,"2026-07-26","1"
"Bezirk Unterklettgau",1406,"2026-07-22","0"
"Bezirk Unterklettgau",1406,"2026-07-23","0"
"Bezirk Unterklettgau",1406,"2026-07-24","0"
"Bezirk Unterklettgau",1406,"2026-07-25","2"
"Bezirk Unterklettgau",1406,"2026-07-26","1"
"Bezirk Hinterland",1501,"2026-07-22","0"
"Bezirk Hinterland",1501,"2026-07-23","0"
"Bezirk Hinterland",1501,"2026-07-24","0"
"Bezirk Hinterland",1501,"2026-07-25","2"
"Bezirk Hinterland",1501,"2026-07-26","0"
"Bezirk Mittelland",1502,"2026-07-22","0"
"Bezirk Mittelland",1502,"2026-07-23","0"
"Bezirk Mittelland",1502,"2026-07-24","0"
"Bezirk Mittelland",1502,"2026-07-25","2"
"Bezirk Mittelland",1502,"2026-07-26","0"
"Bezirk Vorderland",1503,"2026-07-22","0"
"Bezirk Vorderland",1503,"2026-07-23","0"
"Bezirk Vorderland",1503,"2026-07-24","0"
"Bezirk Vorderland",1503,"2026-07-25","2"
"Bezirk Vorderland",1503,"2026-07-26","0"
"Kanton Appenzell Innerrhoden",1600,"2026-07-22","0"
"Kanton Appenzell Innerrhoden",1600,"2026-07-23","0"
"Kanton Appenzell Innerrhoden",1600,"2026-07-24","0"
"Kanton Appenzell Innerrhoden",1600,"2026-07-25","2"
"Kanton Appenzell Innerrhoden",1600,"2026-07-26","0"
"Wahlkreis St. Gallen",1721,"2026-07-22","0"
"Wahlkreis St. Gallen",1721,"2026-07-23","0"
"Wahlkreis St. Gallen",1721,"2026-07-24","0"
"Wahlkreis St. Gallen",1721,"2026-07-25","2"
"Wahlkreis St. Gallen",1721,"2026-07-26","1"
"Wahlkreis Rorschach",1722,"2026-07-22","0"
"Wahlkreis Rorschach",1722,"2026-07-23","0"
"Wahlkreis Rorschach",1722,"2026-07-24","0"
"Wahlkreis Rorschach",1722,"2026-07-25","2"
"Wahlkreis Rorschach",1722,"2026-07-26","2"
"Wahlkreis Rheintal",1723,"2026-07-22","0"
"Wahlkreis Rheintal",1723,"2026-07-23","0"
"Wahlkreis Rheintal",1723,"2026-07-24","0"
"Wahlkreis Rheintal",1723,"2026-07-25","2"
"Wahlkreis Rheintal",1723,"2026-07-26","0"
"Wahlkreis Werdenberg",1724,"2026-07-22","0"
"Wahlkreis Werdenberg",1724,"2026-07-23","0"
"Wahlkreis Werdenberg",1724,"2026-07-24","0"
"Wahlkreis Werdenberg",1724,"2026-07-25","2"
"Wahlkreis Werdenberg",1724,"2026-07-26","0"
"Wahlkreis Sarganserland",1725,"2026-07-22","0"
"Wahlkreis Sarganserland",1725,"2026-07-23","0"
"Wahlkreis Sarganserland",1725,"2026-07-24","0"
"Wahlkreis Sarganserland",1725,"2026-07-25","0"
"Wahlkreis Sarganserland",1725,"2026-07-26","0"
"Wahlkreis See-Gaster",1726,"2026-07-22","0"
"Wahlkreis See-Gaster",1726,"2026-07-23","0"
"Wahlkreis See-Gaster",1726,"2026-07-24","0"
"Wahlkreis See-Gaster",1726,"2026-07-25","2"
"Wahlkreis See-Gaster",1726,"2026-07-26","0"
"Wahlkreis Toggenburg",1727,"2026-07-22","0"
"Wahlkreis Toggenburg",1727,"2026-07-23","0"
"Wahlkreis Toggenburg",1727,"2026-07-24","0"
"Wahlkreis Toggenburg",1727,"2026-07-25","2"
"Wahlkreis Toggenburg",1727,"2026-07-26","0"
"Wahlkreis Wil",1728,"2026-07-22","0"
"Wahlkreis Wil",1728,"2026-07-23","0"
"Wahlkreis Wil",1728,"2026-07-24","0"
"Wahlkreis Wil",1728,"2026-07-25","2"
"Wahlkreis Wil",1728,"2026-07-26","2"
"Region Albula",1841,"2026-07-22","0"
"Region Albula",1841,"2026-07-23","0"
"Region Albula",1841,"2026-07-24","0"
"Region Albula",1841,"2026-07-25","2"
"Region Albula",1841,"2026-07-26","0"
"Region Bernina",1842,"2026-07-22","1"
"Region Bernina",1842,"2026-07-23","1"
"Region Bernina",1842,"2026-07-24","2"
"Region Bernina",1842,"2026-07-25","2"
"Region Bernina",1842,"2026-07-26","1"
"Region Engiadina Bassa / Val Müstair",1843,"2026-07-22","0"
"Region Engiadina Bassa / Val Müstair",1843,"2026-07-23","0"
"Region Engiadina Bassa / Val Müstair",1843,"2026-07-24","0"
"Region Engiadina Bassa / Val Müstair",1843,"2026-07-25","0"
"Region Engiadina Bassa / Val Müstair",1843,"2026-07-26","0"
"Region Imboden",1844,"2026-07-22","0"
"Region Imboden",1844,"2026-07-23","0"
"Region Imboden",1844,"2026-07-24","0"
"Region Imboden",1844,"2026-07-25","0"
"Region Imboden",1844,"2026-07-26","0"
"Region Landquart",1845,"2026-07-22","0"
"Region Landquart",1845,"2026-07-23","0"
"Region Landquart",1845,"2026-07-24","0"
"Region Landquart",1845,"2026-07-25","0"
"Region Landquart",1845,"2026-07-26","0"
"Region Maloja",1846,"2026-07-22","1"
"Region Maloja",1846,"2026-07-23","1"
"Region Maloja",1846,"2026-07-24","2"
"Region Maloja",1846,"2026-07-25","3"
"Region Maloja",1846,"2026-07-26","2"
"Region Moesa",1847,"2026-07-22","3"
"Region Moesa",1847,"2026-07-23","3"
"Region Moesa",1847,"2026-07-24","3"
"Region Moesa",1847,"2026-07-25","3"
"Region Moesa",1847,"2026-07-26","2"
"Region Plessur",1848,"2026-07-22","0"
"Region Plessur",1848,"2026-07-23","0"
"Region Plessur",1848,"2026-07-24","0"
"Region Plessur",1848,"2026-07-25","1"
"Region Plessur",1848,"2026-07-26","0"
"Region Prättigau / Davos",1849,"2026-07-22","0"
"Region Prättigau / Davos",1849,"2026-07-23","0"
"Region Prättigau / Davos",1849,"2026-07-24","0"
"Region Prättigau / Davos",1849,"2026-07-25","0"
"Region Prättigau / Davos",1849,"2026-07-26","0"
"Region Surselva",1850,"2026-07-22","0"
"Region Surselva",1850,"2026-07-23","0"
"Region Surselva",1850,"2026-07-24","0"
"Region Surselva",1850,"2026-07-25","0"
"Region Surselva",1850,"2026-07-26","0"
"Region Viamala",1851,"2026-07-22","0"
"Region Viamala",1851,"2026-07-23","0"
"Region Viamala",1851,"2026-07-24","0"
"Region Viamala",1851,"2026-07-25","0"
"Region Viamala",1851,"2026-07-26","0"
"Bezirk Aarau",1901,"2026-07-22","0"
"Bezirk Aarau",1901,"2026-07-23","0"
"Bezirk Aarau",1901,"2026-07-24","0"
"Bezirk Aarau",1901,"2026-07-25","2"
"Bezirk Aarau",1901,"2026-07-26","0"
"Bezirk Baden",1902,"2026-07-22","0"
"Bezirk Baden",1902,"2026-07-23","0"
"Bezirk Baden",1902,"2026-07-24","0"
"Bezirk Baden",1902,"2026-07-25","1"
"Bezirk Baden",1902,"2026-07-26","0"
"Bezirk Bremgarten",1903,"2026-07-22","0"
"Bezirk Bremgarten",1903,"2026-07-23","0"
"Bezirk Bremgarten",1903,"2026-07-24","0"
"Bezirk Bremgarten",1903,"2026-07-25","1"
"Bezirk Bremgarten",1903,"2026-07-26","0"
"Bezirk Brugg",1904,"2026-07-22","0"
"Bezirk Brugg",1904,"2026-07-23","0"
"Bezirk Brugg",1904,"2026-07-24","0"
"Bezirk Brugg",1904,"2026-07-25","1"
"Bezirk Brugg",1904,"2026-07-26","0"
"Bezirk Kulm",1905,"2026-07-22","0"
"Bezirk Kulm",1905,"2026-07-23","0"
"Bezirk Kulm",1905,"2026-07-24","0"
"Bezirk Kulm",1905,"2026-07-25","2"
"Bezirk Kulm",1905,"2026-07-26","0"
"Bezirk Laufenburg",1906,"2026-07-22","0"
"Bezirk Laufenburg",1906,"2026-07-23","0"
"Bezirk Laufenburg",1906,"2026-07-24","0"
"Bezirk Laufenburg",1906,"2026-07-25","1"
"Bezirk Laufenburg",1906,"2026-07-26","0"
"Bezirk Lenzburg",1907,"2026-07-22","0"
"Bezirk Lenzburg",1907,"2026-07-23","0"
"Bezirk Lenzburg",1907,"2026-07-24","0"
"Bezirk Lenzburg",1907,"2026-07-25","1"
"Bezirk Lenzburg",1907,"2026-07-26","0"
"Bezirk Muri",1908,"2026-07-22","0"
"Bezirk Muri",1908,"2026-07-23","0"
"Bezirk Muri",1908,"2026-07-24","0"
"Bezirk Muri",1908,"2026-07-25","1"
"Bezirk Muri",1908,"2026-07-26","0"
"Bezirk Rheinfelden",1909,"2026-07-22","0"
"Bezirk Rheinfelden",1909,"2026-07-23","0"
"Bezirk Rheinfelden",1909,"2026-07-24","0"
"Bezirk Rheinfelden",1909,"2026-07-25","1"
"Bezirk Rheinfelden",1909,"2026-07-26","0"
"Bezirk Zofingen",1910,"2026-07-22","0"
"Bezirk Zofingen",1910,"2026-07-23","0"
"Bezirk Zofingen",1910,"2026-07-24","0"
"Bezirk Zofingen",1910,"2026-07-25","1"
"Bezirk Zofingen",1910,"2026-07-26","0"
"Bezirk Zurzach",1911,"2026-07-22","0"
"Bezirk Zurzach",1911,"2026-07-23","0"
"Bezirk Zurzach",1911,"2026-07-24","0"
"Bezirk Zurzach",1911,"2026-07-25","2"
"Bezirk Zurzach",1911,"2026-07-26","0"
"Bezirk Arbon",2011,"2026-07-22","0"
"Bezirk Arbon",2011,"2026-07-23","0"
"Bezirk Arbon",2011,"2026-07-24","0"
"Bezirk Arbon",2011,"2026-07-25","1"
"Bezirk Arbon",2011,"2026-07-26","2"
"Bezirk Frauenfeld",2012,"2026-07-22","0"
"Bezirk Frauenfeld",2012,"2026-07-23","0"
"Bezirk Frauenfeld",2012,"2026-07-24","0"
"Bezirk Frauenfeld",2012,"2026-07-25","1"
"Bezirk Frauenfeld",2012,"2026-07-26","0"
"Bezirk Kreuzlingen",2013,"2026-07-22","0"
"Bezirk Kreuzlingen",2013,"2026-07-23","0"
"Bezirk Kreuzlingen",2013,"2026-07-24","0"
"Bezirk Kreuzlingen",2013,"2026-07-25","1"
"Bezirk Kreuzlingen",2013,"2026-07-26","1"
"Bezirk Münchwilen",2014,"2026-07-22","0"
"Bezirk Münchwilen",2014,"2026-07-23","0"
"Bezirk Münchwilen",2014,"2026-07-24","0"
"Bezirk Münchwilen",2014,"2026-07-25","2"
"Bezirk Münchwilen",2014,"2026-07-26","1"
"Bezirk Weinfelden",2015,"2026-07-22","0"
"Bezirk Weinfelden",2015,"2026-07-23","0"
"Bezirk Weinfelden",2015,"2026-07-24","0"
"Bezirk Weinfelden",2015,"2026-07-25","1"
"Bezirk Weinfelden",2015,"2026-07-26","0"
"Distretto di Bellinzona",2101,"2026-07-22","0"
"Distretto di Bellinzona",2101,"2026-07-23","1"
"Distretto di Bellinzona",2101,"2026-07-24","1"
"Distretto di Bellinzona",2101,"2026-07-25","0"
"Distretto di Bellinzona",2101,"2026-07-26","0"
"Distretto di Blenio",2102,"2026-07-22","1"
"Distretto di Blenio",2102,"2026-07-23","1"
"Distretto di Blenio",2102,"2026-07-24","1"
"Distretto di Blenio",2102,"2026-07-25","1"
"Distretto di Blenio",2102,"2026-07-26","0"
"Distretto di Leventina",2103,"2026-07-22","0"
"Distretto di Leventina",2103,"2026-07-23","0"
"Distretto di Leventina",2103,"2026-07-24","0"
"Distretto di Leventina",2103,"2026-07-25","0"
"Distretto di Leventina",2103,"2026-07-26","0"
"Distretto di Locarno",2104,"2026-07-22","0"
"Distretto di Locarno",2104,"2026-07-23","0"
"Distretto di Locarno",2104,"2026-07-24","0"
"Distretto di Locarno",2104,"2026-07-25","0"
"Distretto di Locarno",2104,"2026-07-26","0"
"Distretto di Lugano",2105,"2026-07-22","0"
"Distretto di Lugano",2105,"2026-07-23","1"
"Distretto di Lugano",2105,"2026-07-24","0"
"Distretto di Lugano",2105,"2026-07-25","0"
"Distretto di Lugano",2105,"2026-07-26","0"
"Distretto di Mendrisio",2106,"2026-07-22","0"
"Distretto di Mendrisio",2106,"2026-07-23","2"
"Distretto di Mendrisio",2106,"2026-07-24","1"
"Distretto di Mendrisio",2106,"2026-07-25","1"
"Distretto di Mendrisio",2106,"2026-07-26","1"
"Distretto di Riviera",2107,"2026-07-22","2"
"Distretto di Riviera",2107,"2026-07-23","2"
"Distretto di Riviera",2107,"2026-07-24","2"
"Distretto di Riviera",2107,"2026-07-25","2"
"Distretto di Riviera",2107,"2026-07-26","1"
"Distretto di Vallemaggia",2108,"2026-07-22","0"
"Distretto di Vallemaggia",2108,"2026-07-23","0"
"Distretto di Vallemaggia",2108,"2026-07-24","0"
"Distretto di Vallemaggia",2108,"2026-07-25","0"
"Distretto di Vallemaggia",2108,"2026-07-26","0"
"District d'Aigle",2221,"2026-07-22","0"
"District d'Aigle",2221,"2026-07-23","0"
"District d'Aigle",2221,"2026-07-24","0"
"District d'Aigle",2221,"2026-07-25","1"
"District d'Aigle",2221,"2026-07-26","0"
"District de la Broye-Vully",2222,"2026-07-22","0"
"District de la Broye-Vully",2222,"2026-07-23","0"
"District de la Broye-Vully",2222,"2026-07-24","0"
"District de la Broye-Vully",2222,"2026-07-25","0"
"District de la Broye-Vully",2222,"2026-07-26","0"
"District du Gros-de-Vaud",2223,"2026-07-22","0"
"District du Gros-de-Vaud",2223,"2026-07-23","0"
"District du Gros-de-Vaud",2223,"2026-07-24","0"
"District du Gros-de-Vaud",2223,"2026-07-25","0"
"District du Gros-de-Vaud",2223,"2026-07-26","0"
"District du Jura-Nord vaudois",2224,"2026-07-22","0"
"District du Jura-Nord vaudois",2224,"2026-07-23","0"
"District du Jura-Nord vaudois",2224,"2026-07-24","0"
"District du Jura-Nord vaudois",2224,"2026-07-25","2"
"District du Jura-Nord vaudois",2224,"2026-07-26","0"
"District de Lausanne",2225,"2026-07-22","0"
"District de Lausanne",2225,"2026-07-23","1"
"District de Lausanne",2225,"2026-07-24","2"
"District de Lausanne",2225,"2026-07-25","2"
"District de Lausanne",2225,"2026-07-26","0"
"District de Lavaux-Oron",2226,"2026-07-22","0"
"District de Lavaux-Oron",2226,"2026-07-23","0"
"District de Lavaux-Oron",2226,"2026-07-24","0"
"District de Lavaux-Oron",2226,"2026-07-25","1"
"District de Lavaux-Oron",2226,"2026-07-26","0"
"District de Morges",2227,"2026-07-22","0"
"District de Morges",2227,"2026-07-23","0"
"District de Morges",2227,"2026-07-24","0"
"District de Morges",2227,"2026-07-25","0"
"District de Morges",2227,"2026-07-26","0"
"District de Nyon",2228,"2026-07-22","0"
"District de Nyon",2228,"2026-07-23","0"
"District de Nyon",2228,"2026-07-24","0"
"District de Nyon",2228,"2026-07-25","0"
"District de Nyon",2228,"2026-07-26","0"
"District de l'Ouest lausannois",2229,"2026-07-22","0"
"District de l'Ouest lausannois",2229,"2026-07-23","0"
"District de l'Ouest lausannois",2229,"2026-07-24","1"
"District de l'Ouest lausannois",2229,"2026-07-25","1"
"District de l'Ouest lausannois",2229,"2026-07-26","0"
"District de la Riviera-Pays-d'Enhaut",2230,"2026-07-22","0"
"District de la Riviera-Pays-d'Enhaut",2230,"2026-07-23","0"
"District de la Riviera-Pays-d'Enhaut",2230,"2026-07-24","0"
"District de la Riviera-Pays-d'Enhaut",2230,"2026-07-25","1"
"District de la Riviera-Pays-d'Enhaut",2230,"2026-07-26","0"
"Bezirk Brig",2301,"2026-07-22","0"
"Bezirk Brig",2301,"2026-07-23","0"
"Bezirk Brig",2301,"2026-07-24","0"
"Bezirk Brig",2301,"2026-07-25","0"
"Bezirk Brig",2301,"2026-07-26","0"
"District de Conthey",2302,"2026-07-22","0"
"District de Conthey",2302,"2026-07-23","0"
"District de Conthey",2302,"2026-07-24","0"
"District de Conthey",2302,"2026-07-25","0"
"District de Conthey",2302,"2026-07-26","0"
"District d'Entremont",2303,"2026-07-22","0"
"District d'Entremont",2303,"2026-07-23","0"
"District d'Entremont",2303,"2026-07-24","0"
"District d'Entremont",2303,"2026-07-25","0"
"District d'Entremont",2303,"2026-07-26","0"
"Bezirk Goms",2304,"2026-07-22","0"
"Bezirk Goms",2304,"2026-07-23","0"
"Bezirk Goms",2304,"2026-07-24","1"
"Bezirk Goms",2304,"2026-07-25","2"
"Bezirk Goms",2304,"2026-07-26","0"
"District d'Hérens",2305,"2026-07-22","0"
"District d'Hérens",2305,"2026-07-23","0"
"District d'Hérens",2305,"2026-07-24","0"
"District d'Hérens",2305,"2026-07-25","0"
"District d'Hérens",2305,"2026-07-26","0"
"Bezirk Leuk",2306,"2026-07-22","0"
"Bezirk Leuk",2306,"2026-07-23","0"
"Bezirk Leuk",2306,"2026-07-24","0"
"Bezirk Leuk",2306,"2026-07-25","0"
"Bezirk Leuk",2306,"2026-07-26","0"
"District de Martigny",2307,"2026-07-22","0"
"District de Martigny",2307,"2026-07-23","0"
"District de Martigny",2307,"2026-07-24","0"
"District de Martigny",2307,"2026-07-25","0"
"District de Martigny",2307,"2026-07-26","0"
"District de Monthey",2308,"2026-07-22","0"
"District de Monthey",2308,"2026-07-23","0"
"District de Monthey",2308,"2026-07-24","0"
"District de Monthey",2308,"2026-07-25","1"
"District de Monthey",2308,"2026-07-26","0"
"Bezirk Raron",2309,"2026-07-22","0"
"Bezirk Raron",2309,"2026-07-23","0"
"Bezirk Raron",2309,"2026-07-24","0"
"Bezirk Raron",2309,"2026-07-25","0"
"Bezirk Raron",2309,"2026-07-26","0"
"District de Saint-Maurice",2310,"2026-07-22","0"
"District de Saint-Maurice",2310,"2026-07-23","0"
"District de Saint-Maurice",2310,"2026-07-24","0"
"District de Saint-Maurice",2310,"2026-07-25","0"
"District de Saint-Maurice",2310,"2026-07-26","0"
"District de Sierre",2311,"2026-07-22","0"
"District de Sierre",2311,"2026-07-23","0"
"District de Sierre",2311,"2026-07-24","0"
"District de Sierre",2311,"2026-07-25","0"
"District de Sierre",2311,"2026-07-26","0"
"District de Sion",2312,"2026-07-22","0"
"District de Sion",2312,"2026-07-23","0"
"District de Sion",2312,"2026-07-24","0"
"District de Sion",2312,"2026-07-25","0"
"District de Sion",2312,"2026-07-26","0"
"Bezirk Visp",2313,"2026-07-22","0"
"Bezirk Visp",2313,"2026-07-23","0"
"Bezirk Visp",2313,"2026-07-24","0"
"Bezirk Visp",2313,"2026-07-25","0"
"Bezirk Visp",2313,"2026-07-26","0"
"Canton de Neuchâtel",2400,"2026-07-22","0"
"Canton de Neuchâtel",2400,"2026-07-23","0"
"Canton de Neuchâtel",2400,"2026-07-24","0"
"Canton de Neuchâtel",2400,"2026-07-25","0"
"Canton de Neuchâtel",2400,"2026-07-26","0"
"Canton de Genève",2500,"2026-07-22","0"
"Canton de Genève",2500,"2026-07-23","0"
"Canton de Genève",2500,"2026-07-24","0"
"Canton de Genève",2500,"2026-07-25","0"
"Canton de Genève",2500,"2026-07-26","0"
"District de Delémont",2601,"2026-07-22","0"
"District de Delémont",2601,"2026-07-23","0"
"District de Delémont",2601,"2026-07-24","0"
"District de Delémont",2601,"2026-07-25","2"
"District de Delémont",2601,"2026-07-26","2"
"District des Franches-Montagnes",2602,"2026-07-22","0"
"District des Franches-Montagnes",2602,"2026-07-23","0"
"District des Franches-Montagnes",2602,"2026-07-24","0"
"District des Franches-Montagnes",2602,"2026-07-25","2"
"District des Franches-Montagnes",2602,"2026-07-26","0"
"District de Porrentruy",2603,"2026-07-22","0"
"District de Porrentruy",2603,"2026-07-23","0"
"District de Porrentruy",2603,"2026-07-24","0"
"District de Porrentruy",2603,"2026-07-25","2"
"District de Porrentruy",2603,"2026-07-26","1"
